subsector_ssp,mex_sector,mex_subsector,aggregation_category,gas,ID,vars
entc,[1] Energía,[1A1a] Actividad principal producción de electricidad y calor,Electricity and Heat Generation,CH4,[1A1a] Actividad principal producción de electricidad y calor:CH4,emission_co2e_ch4_entc_generation_pp_biogas:emission_co2e_ch4_entc_generation_pp_biomass:emission_co2e_ch4_entc_generation_pp_coal:emission_co2e_ch4_entc_generation_pp_coal_ccs:emission_co2e_ch4_entc_generation_pp_gas:emission_co2e_ch4_entc_generation_pp_gas_ccs:emission_co2e_ch4_entc_generation_pp_geothermal:emission_co2e_ch4_entc_generation_pp_hydropower:emission_co2e_ch4_entc_generation_pp_nuclear:emission_co2e_ch4_entc_generation_pp_ocean:emission_co2e_ch4_entc_generation_pp_oil:emission_co2e_ch4_entc_generation_pp_solar:emission_co2e_ch4_entc_generation_pp_waste_incineration:emission_co2e_ch4_entc_generation_pp_wind
entc,[1] Energía,[1A1a] Actividad principal producción de electricidad y calor,Electricity and Heat Generation,CO2,[1A1a] Actividad principal producción de electricidad y calor:CO2,emission_co2e_co2_entc_generation_pp_biogas:emission_co2e_co2_entc_generation_pp_coal:emission_co2e_co2_entc_generation_pp_coal_ccs:emission_co2e_co2_entc_generation_pp_gas:emission_co2e_co2_entc_generation_pp_gas_ccs:emission_co2e_co2_entc_generation_pp_geothermal:emission_co2e_co2_entc_generation_pp_hydropower:emission_co2e_co2_entc_generation_pp_nuclear:emission_co2e_co2_entc_generation_pp_ocean:emission_co2e_co2_entc_generation_pp_oil:emission_co2e_co2_entc_generation_pp_solar:emission_co2e_co2_entc_generation_pp_waste_incineration:emission_co2e_co2_entc_generation_pp_wind
entc,[1] Energía,[1A1a] Actividad principal producción de electricidad y calor,Electricity and Heat Generation,N2O,[1A1a] Actividad principal producción de electricidad y calor:N2O,emission_co2e_n2o_entc_generation_pp_biogas:emission_co2e_n2o_entc_generation_pp_biomass:emission_co2e_n2o_entc_generation_pp_coal:emission_co2e_n2o_entc_generation_pp_coal_ccs:emission_co2e_n2o_entc_generation_pp_gas:emission_co2e_n2o_entc_generation_pp_gas_ccs:emission_co2e_n2o_entc_generation_pp_geothermal:emission_co2e_n2o_entc_generation_pp_hydropower:emission_co2e_n2o_entc_generation_pp_nuclear:emission_co2e_n2o_entc_generation_pp_ocean:emission_co2e_n2o_entc_generation_pp_oil:emission_co2e_n2o_entc_generation_pp_solar:emission_co2e_n2o_entc_generation_pp_waste_incineration:emission_co2e_n2o_entc_generation_pp_wind
entc,[1] Energía,[1A1b] Refinación del petróleo,Fuel Production,CH4,[1A1b] Refinación del petróleo:CH4,emission_co2e_ch4_entc_processing_and_refinement_fp_petroleum_refinement:emission_co2e_ch4_entc_fuel_mining_and_extraction_me_coal:emission_co2e_ch4_entc_fuel_mining_and_extraction_me_crude:emission_co2e_ch4_entc_fuel_mining_and_extraction_me_natural_gas
entc,[1] Energía,[1A1b] Refinación del petróleo,Fuel Production,N2O,[1A1b] Refinación del petróleo:N2O,emission_co2e_n2o_entc_processing_and_refinement_fp_petroleum_refinement:emission_co2e_n2o_entc_fuel_mining_and_extraction_me_coal:emission_co2e_n2o_entc_fuel_mining_and_extraction_me_crude:emission_co2e_n2o_entc_fuel_mining_and_extraction_me_natural_gas
entc,[1] Energía,[1A1b] Refinación del petróleo,Fuel Production,CO2,[1A1b] Refinación del petróleo:CO2,emission_co2e_co2_entc_nbmass_processing_and_refinement_fp_petroleum_refinement:emission_co2e_co2_entc_mining_and_extraction_me_coal:emission_co2e_co2_entc_mining_and_extraction_me_crude:emission_co2e_co2_entc_mining_and_extraction_me_natural_gas
entc,[1] Energía,[1A1c] Manufactura de combustibles sólidos y otras industrias de la energía,Fuel Production,CH4,[1A1c] Manufactura de combustibles sólidos y otras industrias de la energía:CH4,emission_co2e_ch4_entc_processing_and_refinement_fp_ammonia_production:emission_co2e_ch4_entc_processing_and_refinement_fp_hydrogen_electrolysis:emission_co2e_ch4_entc_processing_and_refinement_fp_hydrogen_gasification:emission_co2e_ch4_entc_processing_and_refinement_fp_hydrogen_reformation:emission_co2e_ch4_entc_processing_and_refinement_fp_hydrogen_reformation_ccs:emission_co2e_ch4_entc_processing_and_refinement_fp_natural_gas:emission_co2e_ch4_entc_processing_and_refinement_fp_natural_gas_liquefaction
entc,[1] Energía,[1A1c] Manufactura de combustibles sólidos y otras industrias de la energía,Fuel Production,N2O,[1A1c] Manufactura de combustibles sólidos y otras industrias de la energía:N2O,emission_co2e_n2o_entc_processing_and_refinement_fp_ammonia_production:emission_co2e_n2o_entc_processing_and_refinement_fp_hydrogen_electrolysis:emission_co2e_n2o_entc_processing_and_refinement_fp_hydrogen_gasification:emission_co2e_n2o_entc_processing_and_refinement_fp_hydrogen_reformation:emission_co2e_n2o_entc_processing_and_refinement_fp_hydrogen_reformation_ccs:emission_co2e_n2o_entc_processing_and_refinement_fp_natural_gas:emission_co2e_n2o_entc_processing_and_refinement_fp_natural_gas_liquefaction
entc,[1] Energía,[1A1c] Manufactura de combustibles sólidos y otras industrias de la energía,Fuel Production,CO2,[1A1c] Manufactura de combustibles sólidos y otras industrias de la energía:CO2,emission_co2e_co2_entc_nbmass_processing_and_refinement_fp_ammonia_production:emission_co2e_co2_entc_nbmass_processing_and_refinement_fp_hydrogen_electrolysis:emission_co2e_co2_entc_nbmass_processing_and_refinement_fp_hydrogen_gasification:emission_co2e_co2_entc_nbmass_processing_and_refinement_fp_hydrogen_reformation_ccs:emission_co2e_co2_entc_nbmass_processing_and_refinement_fp_natural_gas:emission_co2e_co2_entc_nbmass_processing_and_refinement_fp_natural_gas_liquefaction
inen,[1] Energía,[1A2] Industrias manufactura y de la construcción,Industrial Combustion,CH4,[1A2] Industrias manufactura y de la construcción:CH4,emission_co2e_ch4_inen_metals:emission_co2e_ch4_inen_chemicals:emission_co2e_ch4_inen_plastic:emission_co2e_ch4_inen_paper:emission_co2e_ch4_inen_electronics:emission_co2e_ch4_inen_glass:emission_co2e_ch4_inen_other_product_manufacturing:emission_co2e_ch4_inen_recycled_glass:emission_co2e_ch4_inen_recycled_metals:emission_co2e_ch4_inen_recycled_paper:emission_co2e_ch4_inen_recycled_plastic:emission_co2e_ch4_inen_recycled_rubber_and_leather:emission_co2e_ch4_inen_recycled_textiles:emission_co2e_ch4_inen_recycled_wood:emission_co2e_ch4_inen_lime_and_carbonite:emission_co2e_ch4_inen_mining:emission_co2e_ch4_inen_wood:emission_co2e_ch4_inen_cement:emission_co2e_ch4_inen_rubber_and_leather:emission_co2e_ch4_inen_textiles
inen,[1] Energía,[1A2] Industrias manufactura y de la construcción,Industrial Combustion,CO2,[1A2] Industrias manufactura y de la construcción:CO2,emission_co2e_co2_inen_nbmass_metals:emission_co2e_co2_inen_nbmass_chemicals:emission_co2e_co2_inen_nbmass_plastic:emission_co2e_co2_inen_nbmass_paper:emission_co2e_co2_inen_nbmass_electronics:emission_co2e_co2_inen_nbmass_glass:emission_co2e_co2_inen_nbmass_other_product_manufacturing:emission_co2e_co2_inen_nbmass_recycled_glass:emission_co2e_co2_inen_nbmass_recycled_metals:emission_co2e_co2_inen_nbmass_recycled_paper:emission_co2e_co2_inen_nbmass_recycled_plastic:emission_co2e_co2_inen_nbmass_recycled_rubber_and_leather:emission_co2e_co2_inen_nbmass_recycled_textiles:emission_co2e_co2_inen_nbmass_recycled_wood:emission_co2e_co2_inen_nbmass_lime_and_carbonite:emission_co2e_co2_inen_nbmass_mining:emission_co2e_co2_inen_nbmass_wood:emission_co2e_co2_inen_nbmass_cement:emission_co2e_co2_inen_nbmass_rubber_and_leather:emission_co2e_co2_inen_nbmass_textiles
inen,[1] Energía,[1A2] Industrias manufactura y de la construcción,Industrial Combustion,N2O,[1A2] Industrias manufactura y de la construcción:N2O,emission_co2e_n2o_inen_metals:emission_co2e_n2o_inen_chemicals:emission_co2e_n2o_inen_plastic:emission_co2e_n2o_inen_paper:emission_co2e_n2o_inen_electronics:emission_co2e_n2o_inen_glass:emission_co2e_n2o_inen_other_product_manufacturing:emission_co2e_n2o_inen_recycled_glass:emission_co2e_n2o_inen_recycled_metals:emission_co2e_n2o_inen_recycled_paper:emission_co2e_n2o_inen_recycled_plastic:emission_co2e_n2o_inen_recycled_rubber_and_leather:emission_co2e_n2o_inen_recycled_textiles:emission_co2e_n2o_inen_recycled_wood:emission_co2e_n2o_inen_lime_and_carbonite:emission_co2e_n2o_inen_mining:emission_co2e_n2o_inen_wood:emission_co2e_n2o_inen_cement:emission_co2e_n2o_inen_rubber_and_leather:emission_co2e_n2o_inen_textiles:emission_co2e_n2o_inen_agriculture_and_livestock
trns,[1] Energía,[1A3] Transporte,Transportation,CH4,[1A3] Transporte:CH4,emission_co2e_ch4_trns_aviation:emission_co2e_ch4_trns_road_light:emission_co2e_ch4_trns_public:emission_co2e_ch4_trns_road_heavy_freight:emission_co2e_ch4_trns_road_heavy_regional:emission_co2e_ch4_trns_powered_bikes:emission_co2e_ch4_trns_rail_freight:emission_co2e_ch4_trns_rail_passenger:emission_co2e_ch4_trns_water_borne:emission_co2e_ch4_trns_human_powered
trns,[1] Energía,[1A3] Transporte,Transportation,CO2,[1A3] Transporte:CO2,emission_co2e_co2_trns_aviation:emission_co2e_co2_trns_road_light:emission_co2e_co2_trns_public:emission_co2e_co2_trns_road_heavy_freight:emission_co2e_co2_trns_road_heavy_regional:emission_co2e_co2_trns_powered_bikes:emission_co2e_co2_trns_rail_freight:emission_co2e_co2_trns_rail_passenger:emission_co2e_co2_trns_water_borne:emission_co2e_co2_trns_human_powered
trns,[1] Energía,[1A3] Transporte,Transportation,N2O,[1A3] Transporte:N2O,emission_co2e_n2o_trns_aviation:emission_co2e_n2o_trns_road_light:emission_co2e_n2o_trns_public:emission_co2e_n2o_trns_road_heavy_freight:emission_co2e_n2o_trns_road_heavy_regional:emission_co2e_n2o_trns_powered_bikes:emission_co2e_n2o_trns_rail_freight:emission_co2e_n2o_trns_rail_passenger:emission_co2e_n2o_trns_water_borne:emission_co2e_n2o_trns_human_powered
scoe,[1] Energía,[1A4] Otros sectores,Other  Combustion,CH4,[1A4] Otros sectores:CH4,emission_co2e_ch4_scoe_commercial_municipal:emission_co2e_ch4_scoe_residential:emission_co2e_ch4_inen_agriculture_and_livestock
scoe,[1] Energía,[1A4] Otros sectores,Other  Combustion,CO2,[1A4] Otros sectores:CO2,emission_co2e_co2_scoe_nbmass_commercial_municipal:emission_co2e_co2_scoe_nbmass_residential:emission_co2e_co2_inen_nbmass_agriculture_and_livestock
scoe,[1] Energía,[1A4] Otros sectores,Other  Combustion,N2O,[1A4] Otros sectores:N2O,emission_co2e_n2o_scoe_commercial_municipal:emission_co2e_n2o_scoe_residential:emission_co2e_n2o_inen_agriculture_and_livestock
fgtv,[1] Energía,[1B] Emisiones fugitivas provenientes de la fabricación de combustibles,Fugitive Emissions,CH4,[1B] Emisiones fugitivas provenientes de la fabricación de combustibles:CH4,emission_co2e_ch4_fgtv_fuel_coal:emission_co2e_ch4_fgtv_fuel_oil:emission_co2e_ch4_fgtv_fuel_natural_gas
fgtv,[1] Energía,[1B] Emisiones fugitivas provenientes de la fabricación de combustibles,Fugitive Emissions,CO2,[1B] Emisiones fugitivas provenientes de la fabricación de combustibles:CO2,emission_co2e_co2_fgtv_fuel_coal:emission_co2e_co2_fgtv_fuel_oil:emission_co2e_co2_fgtv_fuel_natural_gas
fgtv,[1] Energía,[1B] Emisiones fugitivas provenientes de la fabricación de combustibles,Fugitive Emissions,N2O,[1B] Emisiones fugitivas provenientes de la fabricación de combustibles:N2O,emission_co2e_n2o_fgtv_fuel_coal:emission_co2e_n2o_fgtv_fuel_oil:emission_co2e_n2o_fgtv_fuel_natural_gas
ippu,[2] Procesos industriales y uso de productos,[2] Procesos industriales y uso de productos,IPPU,CH4,[2] Procesos industriales y uso de productos:CH4,emission_co2e_ch4_ippu_production_chemicals:emission_co2e_ch4_ippu_production_plastic:emission_co2e_ch4_ippu_production_metals:emission_co2e_ch4_ippu_production_paper
ippu,[2] Procesos industriales y uso de productos,[2] Procesos industriales y uso de productos,IPPU,CO2,[2] Procesos industriales y uso de productos:CO2,emission_co2e_co2_ippu_production_cement:emission_co2e_co2_ippu_production_lime_and_carbonite:emission_co2e_co2_ippu_production_glass:emission_co2e_co2_ippu_production_chemicals:emission_co2e_co2_ippu_production_plastic:emission_co2e_co2_ippu_production_metals:emission_co2e_co2_ippu_production_product_use_lubricants:emission_co2e_co2_ippu_product_use_product_use_lubricants:emission_co2e_co2_ippu_production_product_use_paraffin_wax:emission_co2e_co2_ippu_product_use_product_use_paraffin_wax:emission_co2e_co2_ippu_product_use_product_use_other:emission_co2e_co2_ippu_production_paper
ippu,[2] Procesos industriales y uso de productos,[2] Procesos industriales y uso de productos,IPPU,HFCS,[2] Procesos industriales y uso de productos:HFCS,emission_co2e_hfcs_ippu_production_chemicals:emission_co2e_hfcs_ippu_production_metals:emission_co2e_hfcs_ippu_production_electronics:emission_co2e_hfcs_ippu_product_use_product_use_ods_refrigeration:emission_co2e_hfcs_ippu_product_use_product_use_ods_other
ippu,[2] Procesos industriales y uso de productos,[2] Procesos industriales y uso de productos,IPPU,N2O,[2] Procesos industriales y uso de productos:N2O,emission_co2e_n2o_ippu_production_chemicals:emission_co2e_n2o_ippu_production_plastic:emission_co2e_n2o_ippu_production_other_product_manufacturing:emission_co2e_n2o_ippu_production_paper
ippu,[2] Procesos industriales y uso de productos,[2] Procesos industriales y uso de productos,IPPU,NF3,[2] Procesos industriales y uso de productos:NF3,emission_co2e_nf3_ippu_production_chemicals:emission_co2e_nf3_ippu_production_electronics
ippu,[2] Procesos industriales y uso de productos,[2] Procesos industriales y uso de productos,IPPU,PFCS,[2] Procesos industriales y uso de productos:PFCS,emission_co2e_pfcs_ippu_production_chemicals:emission_co2e_pfcs_ippu_production_electronics:emission_co2e_pfcs_ippu_product_use_product_use_ods_other:emission_co2e_pfcs_ippu_production_other_product_manufacturing
ippu,[2] Procesos industriales y uso de productos,[2] Procesos industriales y uso de productos,IPPU,SF6,[2] Procesos industriales y uso de productos:SF6,emission_co2e_sf6_ippu_production_chemicals:emission_co2e_sf6_ippu_production_metals:emission_co2e_sf6_ippu_production_electronics:emission_co2e_sf6_ippu_production_other_product_manufacturing
lvst,[3] Agricultura,[3A] Fermentación entérica,Livestock,CH4,[3A] Fermentación entérica:CH4,emission_co2e_ch4_lvst_entferm_cattle_dairy:emission_co2e_ch4_lvst_entferm_cattle_nondairy:emission_co2e_ch4_lvst_entferm_buffalo:emission_co2e_ch4_lvst_entferm_sheep:emission_co2e_ch4_lvst_entferm_goats:emission_co2e_ch4_lvst_entferm_horses:emission_co2e_ch4_lvst_entferm_mules:emission_co2e_ch4_lvst_entferm_pigs:emission_co2e_ch4_lvst_entferm_chickens
lvst,[3] Agricultura,[3B] Gestión del estiércol,Livestock,CH4,[3B] Gestión del estiércol:CH4,emission_co2e_ch4_lsmm_anaerobic_digester:emission_co2e_ch4_lsmm_anaerobic_lagoon:emission_co2e_ch4_lsmm_composting:emission_co2e_ch4_lsmm_daily_spread:emission_co2e_ch4_lsmm_deep_bedding:emission_co2e_ch4_lsmm_dry_lot:emission_co2e_ch4_lsmm_incineration:emission_co2e_ch4_lsmm_liquid_slurry:emission_co2e_ch4_lsmm_paddock_pasture_range:emission_co2e_ch4_lsmm_poultry_manure:emission_co2e_ch4_lsmm_storage_solid
lsmm,[3] Agricultura,[3B] Gestión del estiércol,Livestock,N2O,[3B] Gestión del estiércol:N2O,emission_co2e_n2o_lsmm_direct_anaerobic_digester:emission_co2e_n2o_lsmm_direct_anaerobic_lagoon:emission_co2e_n2o_lsmm_direct_composting:emission_co2e_n2o_lsmm_direct_daily_spread:emission_co2e_n2o_lsmm_direct_deep_bedding:emission_co2e_n2o_lsmm_direct_dry_lot:emission_co2e_n2o_lsmm_direct_incineration:emission_co2e_n2o_lsmm_direct_liquid_slurry:emission_co2e_n2o_lsmm_direct_paddock_pasture_range:emission_co2e_n2o_lsmm_direct_poultry_manure:emission_co2e_n2o_lsmm_direct_storage_solid
lsmm,[3] Agricultura,[3B5] Emisiones indirectas de los N2O de la gestión del estiércol,Agriculture and Managed Soil,N2O,[3B5] Emisiones indirectas de los N2O de la gestión del estiércol:N2O,emission_co2e_n2o_lsmm_indirect_anaerobic_digester:emission_co2e_n2o_lsmm_indirect_anaerobic_lagoon:emission_co2e_n2o_lsmm_indirect_composting:emission_co2e_n2o_lsmm_indirect_daily_spread:emission_co2e_n2o_lsmm_indirect_deep_bedding:emission_co2e_n2o_lsmm_indirect_dry_lot:emission_co2e_n2o_lsmm_indirect_incineration:emission_co2e_n2o_lsmm_indirect_liquid_slurry:emission_co2e_n2o_lsmm_indirect_paddock_pasture_range:emission_co2e_n2o_lsmm_indirect_poultry_manure:emission_co2e_n2o_lsmm_indirect_storage_solid
agrc,[3] Agricultura,[3C] Cultivo del arroz,Agriculture and Managed Soil,CH4,[3C] Cultivo del arroz:CH4,emission_co2e_ch4_agrc_anaerobicdom_rice
soil,[3] Agricultura,[3D1] Emisiones directas de los N2O de los suelos gestionados,Agriculture and Managed Soil,N2O,[3D1] Emisiones directas de los N2O de los suelos gestionados:N2O,emission_co2e_n2o_soil_fertilizer:emission_co2e_n2o_soil_mineral_soils:emission_co2e_n2o_soil_organic_soils
agrc,[3] Agricultura,[3D2] Emisiones indirectas de los N2O de los suelos gestionados,Agriculture and Managed Soil,N2O,[3D2] Emisiones indirectas de los N2O de los suelos gestionados:N2O,emission_co2e_n2o_agrc_crop_residues
agrc,[3] Agricultura,[3F] Emisiones de quemado de biomasa en tierras de cultivo,Agriculture and Managed Soil,CH4,[3F] Emisiones de quemado de biomasa en tierras de cultivo:CH4,emission_co2e_ch4_agrc_biomass_burning
agrc,[3] Agricultura,[3F] Emisiones de quemado de biomasa en tierras de cultivo,Agriculture and Managed Soil,N2O,[3F] Emisiones de quemado de biomasa en tierras de cultivo:N2O,emission_co2e_n2o_agrc_biomass_burning
soil,[3] Agricultura,[3G] Encalado,Agriculture and Managed Soil,CO2,[3G] Encalado:CO2,emission_co2e_co2_soil_lime_use
soil,[3] Agricultura,[3H] Aplicación de urea,Agriculture and Managed Soil,CO2,[3H] Aplicación de urea:CO2,emission_co2e_co2_soil_urea_use
frst,"[4] Uso de la tierra, cambios de uso de la tierra y silvicultura (UTCUTS)",[4A] Tierra forestales,Forest Land,CO2,[4A] Tierra forestales:CO2,emission_co2e_co2_frst_sequestration_mangroves:emission_co2e_co2_frst_sequestration_primary:emission_co2e_co2_frst_sequestration_secondary
agrc,"[4] Uso de la tierra, cambios de uso de la tierra y silvicultura (UTCUTS)",[4B] Tierra de cultivo,Agriculture and Managed Soil,CO2,[4B] Tierra de cultivo:CO2,emission_co2e_co2_agrc_biomass_bevs_and_spices:emission_co2e_co2_agrc_biomass_fruits:emission_co2e_co2_agrc_biomass_nuts:emission_co2e_co2_agrc_biomass_other_woody_perennial:emission_co2e_co2_lndu_conversion_croplands_to_croplands:emission_co2e_co2_lndu_drained_organic_soils_croplands
lndu,"[4] Uso de la tierra, cambios de uso de la tierra y silvicultura (UTCUTS)",[4B] Tierra de cultivo,Land Use,CO2,[4B] Tierra de cultivo:CO2,emission_co2e_co2_lndu_conversion_grasslands_to_croplands:emission_co2e_co2_lndu_conversion_pastures_to_croplands:emission_co2e_co2_lndu_conversion_flooded_to_croplands:emission_co2e_co2_lndu_conversion_wetlands_to_croplands:emission_co2e_co2_lndu_conversion_settlements_to_croplands:emission_co2e_co2_lndu_conversion_other_to_croplands:emission_co2e_co2_lndu_conversion_shrublands_to_croplands
lndu,"[4] Uso de la tierra, cambios de uso de la tierra y silvicultura (UTCUTS)",[4C] Praderas,Agriculture and Managed Soil,CO2,[4C] Praderas:CO2,emission_co2e_co2_lndu_drained_organic_soils_pastures:emission_co2e_co2_lndu_conversion_grasslands_to_grasslands:emission_co2e_co2_lndu_conversion_grasslands_to_pastures:emission_co2e_co2_lndu_conversion_pastures_to_grasslands:emission_co2e_co2_lndu_conversion_pastures_to_pastures:emission_co2e_co2_lndu_biomass_sequestration_grasslands:emission_co2e_co2_lndu_biomass_sequestration_pastures
agrc,"[4] Uso de la tierra, cambios de uso de la tierra y silvicultura (UTCUTS)",[4C] Praderas,Land Use,CO2,[4C] Praderas:CO2,emission_co2e_co2_lndu_conversion_croplands_to_grasslands:emission_co2e_co2_lndu_conversion_croplands_to_pastures:emission_co2e_co2_lndu_conversion_flooded_to_grasslands:emission_co2e_co2_lndu_conversion_flooded_to_pastures:emission_co2e_co2_lndu_conversion_wetlands_to_grasslands:emission_co2e_co2_lndu_conversion_wetlands_to_pastures:emission_co2e_co2_lndu_conversion_settlements_to_grasslands:emission_co2e_co2_lndu_conversion_settlements_to_pastures:emission_co2e_co2_lndu_conversion_other_to_grasslands:emission_co2e_co2_lndu_conversion_other_to_pastures:emission_co2e_co2_lndu_conversion_shrublands_to_grasslands:emission_co2e_co2_lndu_conversion_shrublands_to_pastures
lndu,"[4] Uso de la tierra, cambios de uso de la tierra y silvicultura (UTCUTS)",[4D] Humedales,Wetlands,CO2,[4D] Humedales:CO2,emission_co2e_co2_lndu_biomass_sequestration_wetlands:emission_co2e_co2_lndu_conversion_wetlands_to_wetlands:emission_co2e_co2_lndu_conversion_flooded_to_flooded:emission_co2e_co2_lndu_conversion_croplands_to_wetlands:emission_co2e_co2_lndu_conversion_flooded_to_wetlands:emission_co2e_co2_lndu_conversion_grasslands_to_wetlands:emission_co2e_co2_lndu_conversion_other_to_wetlands:emission_co2e_co2_lndu_conversion_pastures_to_wetlands:emission_co2e_co2_lndu_conversion_settlements_to_wetlands:emission_co2e_co2_lndu_conversion_shrublands_to_wetlands:emission_co2e_co2_lndu_conversion_croplands_to_flooded:emission_co2e_co2_lndu_conversion_grasslands_to_flooded:emission_co2e_co2_lndu_conversion_other_to_flooded:emission_co2e_co2_lndu_conversion_pastures_to_flooded:emission_co2e_co2_lndu_conversion_settlements_to_flooded:emission_co2e_co2_lndu_conversion_shrublands_to_flooded:emission_co2e_co2_lndu_conversion_wetlands_to_flooded
lndu,"[4] Uso de la tierra, cambios de uso de la tierra y silvicultura (UTCUTS)",[4E] Asentamientos,Land Use,CO2,[4E] Asentamientos:CO2,emission_co2e_co2_lndu_biomass_sequestration_settlements:emission_co2e_co2_lndu_conversion_croplands_to_settlements:emission_co2e_co2_lndu_conversion_flooded_to_settlements:emission_co2e_co2_lndu_conversion_grasslands_to_settlements:emission_co2e_co2_lndu_conversion_other_to_settlements:emission_co2e_co2_lndu_conversion_pastures_to_settlements:emission_co2e_co2_lndu_conversion_settlements_to_settlements:emission_co2e_co2_lndu_conversion_shrublands_to_settlements:emission_co2e_co2_lndu_conversion_wetlands_to_settlements
lndu,"[4] Uso de la tierra, cambios de uso de la tierra y silvicultura (UTCUTS)",[4F] Otras tierras,Land Use,CO2,[4F] Otras tierras:CO2,emission_co2e_co2_lndu_biomass_sequestration_other:emission_co2e_co2_lndu_conversion_croplands_to_other:emission_co2e_co2_lndu_conversion_flooded_to_other:emission_co2e_co2_lndu_conversion_grasslands_to_other:emission_co2e_co2_lndu_conversion_other_to_other:emission_co2e_co2_lndu_conversion_pastures_to_other:emission_co2e_co2_lndu_conversion_settlements_to_other:emission_co2e_co2_lndu_conversion_shrublands_to_other:emission_co2e_co2_lndu_conversion_wetlands_to_other
frst,"[4] Uso de la tierra, cambios de uso de la tierra y silvicultura (UTCUTS)",[4G] Productos de madera recolectada,Forest Land - HWP,CO2,[4G] Productos de madera recolectada:CO2,emission_co2e_co2_frst_harvested_wood_products
waso,[5] Residuos,[5A] Eliminación de residuos sólidos,Solid Waste,CH4,[5A] Eliminación de residuos sólidos:CH4,emission_co2e_ch4_waso_landfilled_chemical_industrial:emission_co2e_ch4_waso_landfilled_food:emission_co2e_ch4_waso_landfilled_glass:emission_co2e_ch4_waso_landfilled_metal:emission_co2e_ch4_waso_landfilled_nappies:emission_co2e_ch4_waso_landfilled_other:emission_co2e_ch4_waso_landfilled_paper:emission_co2e_ch4_waso_landfilled_plastic:emission_co2e_ch4_waso_landfilled_rubber_leather:emission_co2e_ch4_waso_landfilled_sludge:emission_co2e_ch4_waso_landfilled_textiles:emission_co2e_ch4_waso_landfilled_wood:emission_co2e_ch4_waso_landfilled_yard:emission_co2e_ch4_waso_open_dump_chemical_industrial:emission_co2e_ch4_waso_open_dump_food:emission_co2e_ch4_waso_open_dump_glass:emission_co2e_ch4_waso_open_dump_metal:emission_co2e_ch4_waso_open_dump_nappies:emission_co2e_ch4_waso_open_dump_other:emission_co2e_ch4_waso_open_dump_paper:emission_co2e_ch4_waso_open_dump_plastic:emission_co2e_ch4_waso_open_dump_rubber_leather:emission_co2e_ch4_waso_open_dump_sludge:emission_co2e_ch4_waso_open_dump_textiles:emission_co2e_ch4_waso_open_dump_wood:emission_co2e_ch4_waso_open_dump_yard
waso,[5] Residuos,[5B] Tratamiento biológico de los residuos sólidos,Solid Waste,CH4,[5B] Tratamiento biológico de los residuos sólidos:CH4,emission_co2e_ch4_waso_biogas_food:emission_co2e_ch4_waso_biogas_sludge:emission_co2e_ch4_waso_biogas_yard:emission_co2e_ch4_waso_compost_food:emission_co2e_ch4_waso_compost_sludge:emission_co2e_ch4_waso_compost_yard
waso,[5] Residuos,[5B] Tratamiento biológico de los residuos sólidos,Solid Waste,N2O,[5B] Tratamiento biológico de los residuos sólidos:N2O,emission_co2e_n2o_waso_compost_food:emission_co2e_n2o_waso_compost_sludge:emission_co2e_n2o_waso_compost_yard
waso,[5] Residuos,[5C] Incineración y quema a cielo abierto de residuos,Solid Waste,CH4,[5C] Incineración y quema a cielo abierto de residuos:CH4,emission_co2e_ch4_waso_incineration
waso,[5] Residuos,[5C] Incineración y quema a cielo abierto de residuos,Solid Waste,CO2,[5C] Incineración y quema a cielo abierto de residuos:CO2,emission_co2e_co2_waso_incineration
waso,[5] Residuos,[5C] Incineración y quema a cielo abierto de residuos,Solid Waste,N2O,[5C] Incineración y quema a cielo abierto de residuos:N2O,emission_co2e_n2o_waso_incineration
trww,[5] Residuos,[5D] Tratamiento y eliminación de aguas residuales,Wastewater Treatment,CH4,[5D] Tratamiento y eliminación de aguas residuales:CH4,emission_co2e_ch4_trww_treated_advanced_aerobic_treatment:emission_co2e_ch4_trww_treated_advanced_anaerobic_treatment:emission_co2e_ch4_trww_treated_latrine_improved_treatment:emission_co2e_ch4_trww_treated_latrine_unimproved_treatment:emission_co2e_ch4_trww_treated_primary_treatment:emission_co2e_ch4_trww_treated_secondary_aerobic_treatment:emission_co2e_ch4_trww_treated_secondary_anaerobic_treatment:emission_co2e_ch4_trww_treated_septic_treatment:emission_co2e_ch4_trww_untreated_no_sewerage_treatment:emission_co2e_ch4_trww_untreated_with_sewerage_treatment
trww,[5] Residuos,[5D] Tratamiento y eliminación de aguas residuales,Wastewater Treatment,N2O,[5D] Tratamiento y eliminación de aguas residuales:N2O,emission_co2e_n2o_trww_treated_advanced_aerobic_effluent:emission_co2e_n2o_trww_treated_advanced_aerobic_treatment:emission_co2e_n2o_trww_treated_advanced_anaerobic_effluent:emission_co2e_n2o_trww_treated_advanced_anaerobic_treatment:emission_co2e_n2o_trww_treated_latrine_improved_effluent:emission_co2e_n2o_trww_treated_latrine_improved_treatment:emission_co2e_n2o_trww_treated_latrine_unimproved_effluent:emission_co2e_n2o_trww_treated_latrine_unimproved_treatment:emission_co2e_n2o_trww_treated_primary_effluent:emission_co2e_n2o_trww_treated_primary_treatment:emission_co2e_n2o_trww_treated_secondary_aerobic_effluent:emission_co2e_n2o_trww_treated_secondary_aerobic_treatment:emission_co2e_n2o_trww_treated_secondary_anaerobic_effluent:emission_co2e_n2o_trww_treated_secondary_anaerobic_treatment:emission_co2e_n2o_trww_treated_septic_effluent:emission_co2e_n2o_trww_treated_septic_treatment:emission_co2e_n2o_trww_untreated_no_sewerage_effluent:emission_co2e_n2o_trww_untreated_no_sewerage_treatment:emission_co2e_n2o_trww_untreated_with_sewerage_effluent:emission_co2e_n2o_trww_untreated_with_sewerage_treatment
ccsq,[6] CCSQ,[6] CCSQ,CCSQ,CH4,[6] CCSQ:CH4,emission_co2e_ch4_ccsq_direct_air_capture
ccsq,[6] CCSQ,[6] CCSQ,CCSQ,CO2,[6] CCSQ:CO2,emission_co2e_co2_ccsq_direct_air_capture
ccsq,[6] CCSQ,[6] CCSQ,CCSQ,N2O,[6] CCSQ:N2O,emission_co2e_n2o_ccsq_direct_air_capture
