subsector_ssp,mex_sector,mex_subsector,gas,ID,vars,ids,MEX,
entc,[1] Energía,[1A] Actividades de quema del combustible,CH4,[1A] Actividades de quema del combustible:CH4,emission_co2e_ch4_entc_generation_pp_biogas:emission_co2e_ch4_entc_generation_pp_biomass:emission_co2e_ch4_entc_generation_pp_coal:emission_co2e_ch4_entc_generation_pp_coal_ccs:emission_co2e_ch4_entc_generation_pp_gas:emission_co2e_ch4_entc_generation_pp_gas_ccs:emission_co2e_ch4_entc_generation_pp_geothermal:emission_co2e_ch4_entc_generation_pp_hydropower:emission_co2e_ch4_entc_generation_pp_nuclear:emission_co2e_ch4_entc_generation_pp_ocean:emission_co2e_ch4_entc_generation_pp_oil:emission_co2e_ch4_entc_generation_pp_solar:emission_co2e_ch4_entc_generation_pp_waste_incineration:emission_co2e_ch4_entc_generation_pp_wind:emission_co2e_ch4_entc_processing_and_refinement_fp_ammonia_production:emission_co2e_ch4_entc_processing_and_refinement_fp_hydrogen_electrolysis:emission_co2e_ch4_entc_processing_and_refinement_fp_hydrogen_gasification:emission_co2e_ch4_entc_processing_and_refinement_fp_hydrogen_reformation:emission_co2e_ch4_entc_processing_and_refinement_fp_hydrogen_reformation_ccs:emission_co2e_ch4_entc_processing_and_refinement_fp_natural_gas:emission_co2e_ch4_entc_processing_and_refinement_fp_natural_gas_liquefaction:emission_co2e_ch4_entc_processing_and_refinement_fp_petroleum_refinement,1:[1A] Actividades de quema del combustible:CH4,0.301967018,1
entc,[1] Energía,[1A] Actividades de quema del combustible,CO2,[1A] Actividades de quema del combustible:CO2,emission_co2e_co2_entc_bmass_processing_and_refinement_fp_hydrogen_gasification:emission_co2e_co2_entc_generation_pp_biogas:emission_co2e_co2_entc_generation_pp_biomass:emission_co2e_co2_entc_generation_pp_coal:emission_co2e_co2_entc_generation_pp_coal_ccs:emission_co2e_co2_entc_generation_pp_gas:emission_co2e_co2_entc_generation_pp_gas_ccs:emission_co2e_co2_entc_generation_pp_geothermal:emission_co2e_co2_entc_generation_pp_hydropower:emission_co2e_co2_entc_generation_pp_nuclear:emission_co2e_co2_entc_generation_pp_ocean:emission_co2e_co2_entc_generation_pp_oil:emission_co2e_co2_entc_generation_pp_solar:emission_co2e_co2_entc_generation_pp_waste_incineration:emission_co2e_co2_entc_generation_pp_wind:emission_co2e_co2_entc_nbmass_processing_and_refinement_fp_ammonia_production:emission_co2e_co2_entc_nbmass_processing_and_refinement_fp_hydrogen_electrolysis:emission_co2e_co2_entc_nbmass_processing_and_refinement_fp_hydrogen_gasification:emission_co2e_co2_entc_nbmass_processing_and_refinement_fp_hydrogen_reformation:emission_co2e_co2_entc_nbmass_processing_and_refinement_fp_hydrogen_reformation_ccs:emission_co2e_co2_entc_nbmass_processing_and_refinement_fp_natural_gas:emission_co2e_co2_entc_nbmass_processing_and_refinement_fp_natural_gas_liquefaction:emission_co2e_co2_entc_nbmass_processing_and_refinement_fp_petroleum_refinement,2:[1A] Actividades de quema del combustible:CO2,104.7165738,2
entc,[1] Energía,[1A] Actividades de quema del combustible,N2O,[1A] Actividades de quema del combustible:N2O,emission_co2e_n2o_entc_generation_pp_biogas:emission_co2e_n2o_entc_generation_pp_biomass:emission_co2e_n2o_entc_generation_pp_coal:emission_co2e_n2o_entc_generation_pp_coal_ccs:emission_co2e_n2o_entc_generation_pp_gas:emission_co2e_n2o_entc_generation_pp_gas_ccs:emission_co2e_n2o_entc_generation_pp_geothermal:emission_co2e_n2o_entc_generation_pp_hydropower:emission_co2e_n2o_entc_generation_pp_nuclear:emission_co2e_n2o_entc_generation_pp_ocean:emission_co2e_n2o_entc_generation_pp_oil:emission_co2e_n2o_entc_generation_pp_solar:emission_co2e_n2o_entc_generation_pp_waste_incineration:emission_co2e_n2o_entc_generation_pp_wind:emission_co2e_n2o_entc_processing_and_refinement_fp_ammonia_production:emission_co2e_n2o_entc_processing_and_refinement_fp_hydrogen_electrolysis:emission_co2e_n2o_entc_processing_and_refinement_fp_hydrogen_gasification:emission_co2e_n2o_entc_processing_and_refinement_fp_hydrogen_reformation:emission_co2e_n2o_entc_processing_and_refinement_fp_hydrogen_reformation_ccs:emission_co2e_n2o_entc_processing_and_refinement_fp_natural_gas:emission_co2e_n2o_entc_processing_and_refinement_fp_natural_gas_liquefaction:emission_co2e_n2o_entc_processing_and_refinement_fp_petroleum_refinement,3:[1A] Actividades de quema del combustible:N2O,0.575147518,3
inen,[1] Energía,[1A] Actividades de quema del combustible,CH4,[1A] Actividades de quema del combustible:CH4,emission_co2e_ch4_inen_agriculture_and_livestock:emission_co2e_ch4_inen_cement:emission_co2e_ch4_inen_chemicals:emission_co2e_ch4_inen_electronics:emission_co2e_ch4_inen_glass:emission_co2e_ch4_inen_lime_and_carbonite:emission_co2e_ch4_inen_metals:emission_co2e_ch4_inen_mining:emission_co2e_ch4_inen_other_product_manufacturing:emission_co2e_ch4_inen_paper:emission_co2e_ch4_inen_plastic:emission_co2e_ch4_inen_recycled_glass:emission_co2e_ch4_inen_recycled_metals:emission_co2e_ch4_inen_recycled_paper:emission_co2e_ch4_inen_recycled_plastic:emission_co2e_ch4_inen_recycled_rubber_and_leather:emission_co2e_ch4_inen_recycled_textiles:emission_co2e_ch4_inen_recycled_wood:emission_co2e_ch4_inen_rubber_and_leather:emission_co2e_ch4_inen_textiles,4:[1A] Actividades de quema del combustible:CH4,0.301967018,4
inen,[1] Energía,[1A] Actividades de quema del combustible,CO2,[1A] Actividades de quema del combustible:CO2,emission_co2e_co2_inen_bmass_agriculture_and_livestock:emission_co2e_co2_inen_bmass_cement:emission_co2e_co2_inen_bmass_chemicals:emission_co2e_co2_inen_bmass_electronics:emission_co2e_co2_inen_bmass_glass:emission_co2e_co2_inen_bmass_lime_and_carbonite:emission_co2e_co2_inen_bmass_metals:emission_co2e_co2_inen_bmass_mining:emission_co2e_co2_inen_bmass_other_product_manufacturing:emission_co2e_co2_inen_bmass_paper:emission_co2e_co2_inen_bmass_plastic:emission_co2e_co2_inen_bmass_recycled_glass:emission_co2e_co2_inen_bmass_recycled_metals:emission_co2e_co2_inen_bmass_recycled_paper:emission_co2e_co2_inen_bmass_recycled_plastic:emission_co2e_co2_inen_bmass_recycled_rubber_and_leather:emission_co2e_co2_inen_bmass_recycled_textiles:emission_co2e_co2_inen_bmass_recycled_wood:emission_co2e_co2_inen_bmass_rubber_and_leather:emission_co2e_co2_inen_bmass_textiles:emission_co2e_co2_inen_bmass_wood:emission_co2e_co2_inen_nbmass_agriculture_and_livestock:emission_co2e_co2_inen_nbmass_cement:emission_co2e_co2_inen_nbmass_chemicals:emission_co2e_co2_inen_nbmass_electronics:emission_co2e_co2_inen_nbmass_glass:emission_co2e_co2_inen_nbmass_lime_and_carbonite:emission_co2e_co2_inen_nbmass_metals:emission_co2e_co2_inen_nbmass_mining:emission_co2e_co2_inen_nbmass_other_product_manufacturing:emission_co2e_co2_inen_nbmass_paper:emission_co2e_co2_inen_nbmass_plastic:emission_co2e_co2_inen_nbmass_recycled_glass:emission_co2e_co2_inen_nbmass_recycled_metals:emission_co2e_co2_inen_nbmass_recycled_paper:emission_co2e_co2_inen_nbmass_recycled_plastic:emission_co2e_co2_inen_nbmass_recycled_rubber_and_leather:emission_co2e_co2_inen_nbmass_recycled_textiles:emission_co2e_co2_inen_nbmass_recycled_wood:emission_co2e_co2_inen_nbmass_rubber_and_leather:emission_co2e_co2_inen_nbmass_textiles:emission_co2e_co2_inen_nbmass_wood,5:[1A] Actividades de quema del combustible:CO2,104.7165738,5
inen,[1] Energía,[1A] Actividades de quema del combustible,N2O,[1A] Actividades de quema del combustible:N2O,emission_co2e_n2o_inen_agriculture_and_livestock:emission_co2e_n2o_inen_cement:emission_co2e_n2o_inen_chemicals:emission_co2e_n2o_inen_electronics:emission_co2e_n2o_inen_glass:emission_co2e_n2o_inen_lime_and_carbonite:emission_co2e_n2o_inen_metals:emission_co2e_n2o_inen_mining:emission_co2e_n2o_inen_other_product_manufacturing:emission_co2e_n2o_inen_paper:emission_co2e_n2o_inen_plastic:emission_co2e_n2o_inen_recycled_glass:emission_co2e_n2o_inen_recycled_metals:emission_co2e_n2o_inen_recycled_paper:emission_co2e_n2o_inen_recycled_plastic:emission_co2e_n2o_inen_recycled_rubber_and_leather:emission_co2e_n2o_inen_recycled_textiles:emission_co2e_n2o_inen_recycled_wood:emission_co2e_n2o_inen_rubber_and_leather:emission_co2e_n2o_inen_textiles,6:[1A] Actividades de quema del combustible:N2O,0.575147518,6
scoe,[1] Energía,[1A] Actividades de quema del combustible,CH4,[1A] Actividades de quema del combustible:CH4,emission_co2e_ch4_scoe_commercial_municipal:emission_co2e_ch4_scoe_other_se:emission_co2e_ch4_scoe_residential,7:[1A] Actividades de quema del combustible:CH4,0.301967018,7
scoe,[1] Energía,[1A] Actividades de quema del combustible,CO2,[1A] Actividades de quema del combustible:CO2,emission_co2e_co2_scoe_bmass_commercial_municipal:emission_co2e_co2_scoe_bmass_other_se:emission_co2e_co2_scoe_bmass_residential:emission_co2e_co2_scoe_nbmass_commercial_municipal:emission_co2e_co2_scoe_nbmass_other_se:emission_co2e_co2_scoe_nbmass_residential,8:[1A] Actividades de quema del combustible:CO2,104.7165738,8
scoe,[1] Energía,[1A] Actividades de quema del combustible,N2O,[1A] Actividades de quema del combustible:N2O,emission_co2e_n2o_scoe_commercial_municipal:emission_co2e_n2o_scoe_other_se:emission_co2e_n2o_scoe_residential,9:[1A] Actividades de quema del combustible:N2O,0.575147518,9
trns,[1] Energía,[1A] Actividades de quema del combustible,CH4,[1A] Actividades de quema del combustible:CH4,emission_co2e_ch4_trns_aviation:emission_co2e_ch4_trns_human_powered:emission_co2e_ch4_trns_powered_bikes:emission_co2e_ch4_trns_public:emission_co2e_ch4_trns_rail_freight:emission_co2e_ch4_trns_rail_passenger:emission_co2e_ch4_trns_road_heavy_freight:emission_co2e_ch4_trns_road_heavy_regional:emission_co2e_ch4_trns_road_light:emission_co2e_ch4_trns_water_borne,10:[1A] Actividades de quema del combustible:CH4,0.301967018,10
trns,[1] Energía,[1A] Actividades de quema del combustible,CO2,[1A] Actividades de quema del combustible:CO2,emission_co2e_co2_trns_aviation:emission_co2e_co2_trns_human_powered:emission_co2e_co2_trns_powered_bikes:emission_co2e_co2_trns_public:emission_co2e_co2_trns_rail_freight:emission_co2e_co2_trns_rail_passenger:emission_co2e_co2_trns_road_heavy_freight:emission_co2e_co2_trns_road_heavy_regional:emission_co2e_co2_trns_road_light:emission_co2e_co2_trns_water_borne,11:[1A] Actividades de quema del combustible:CO2,104.7165738,11
trns,[1] Energía,[1A] Actividades de quema del combustible,N2O,[1A] Actividades de quema del combustible:N2O,emission_co2e_n2o_trns_aviation:emission_co2e_n2o_trns_human_powered:emission_co2e_n2o_trns_powered_bikes:emission_co2e_n2o_trns_public:emission_co2e_n2o_trns_rail_freight:emission_co2e_n2o_trns_rail_passenger:emission_co2e_n2o_trns_road_heavy_freight:emission_co2e_n2o_trns_road_heavy_regional:emission_co2e_n2o_trns_road_light:emission_co2e_n2o_trns_water_borne,12:[1A] Actividades de quema del combustible:N2O,0.575147518,12
entc,[1] Energía,[1B] Emisiones fugitivas provenientes de la fabricación de combustibles,CH4,[1B] Emisiones fugitivas provenientes de la fabricación de combustibles:CH4,emission_co2e_ch4_entc_fuel_mining_and_extraction_me_coal:emission_co2e_ch4_entc_fuel_mining_and_extraction_me_crude:emission_co2e_ch4_entc_fuel_mining_and_extraction_me_natural_gas,13:[1B] Emisiones fugitivas provenientes de la fabricación de combustibles:CH4,9.534994265,13
entc,[1] Energía,[1B] Emisiones fugitivas provenientes de la fabricación de combustibles,CO2,[1B] Emisiones fugitivas provenientes de la fabricación de combustibles:CO2,emission_co2e_co2_entc_mining_and_extraction_me_coal:emission_co2e_co2_entc_mining_and_extraction_me_crude:emission_co2e_co2_entc_mining_and_extraction_me_natural_gas,14:[1B] Emisiones fugitivas provenientes de la fabricación de combustibles:CO2,9.274768675,14
entc,[1] Energía,[1B] Emisiones fugitivas provenientes de la fabricación de combustibles,N2O,[1B] Emisiones fugitivas provenientes de la fabricación de combustibles:N2O,emission_co2e_n2o_entc_fuel_mining_and_extraction_me_coal:emission_co2e_n2o_entc_fuel_mining_and_extraction_me_crude:emission_co2e_n2o_entc_fuel_mining_and_extraction_me_natural_gas,15:[1B] Emisiones fugitivas provenientes de la fabricación de combustibles:N2O,0.00426084,15
fgtv,[1] Energía,[1B] Emisiones fugitivas provenientes de la fabricación de combustibles,CH4,[1B] Emisiones fugitivas provenientes de la fabricación de combustibles:CH4,emission_co2e_ch4_fgtv_fuel_coal:emission_co2e_ch4_fgtv_fuel_natural_gas:emission_co2e_ch4_fgtv_fuel_oil,16:[1B] Emisiones fugitivas provenientes de la fabricación de combustibles:CH4,9.534994265,16
fgtv,[1] Energía,[1B] Emisiones fugitivas provenientes de la fabricación de combustibles,CO2,[1B] Emisiones fugitivas provenientes de la fabricación de combustibles:CO2,emission_co2e_co2_fgtv_fuel_coal:emission_co2e_co2_fgtv_fuel_natural_gas:emission_co2e_co2_fgtv_fuel_oil,17:[1B] Emisiones fugitivas provenientes de la fabricación de combustibles:CO2,9.274768675,17
fgtv,[1] Energía,[1B] Emisiones fugitivas provenientes de la fabricación de combustibles,N2O,[1B] Emisiones fugitivas provenientes de la fabricación de combustibles:N2O,emission_co2e_n2o_fgtv_fuel_coal:emission_co2e_n2o_fgtv_fuel_natural_gas:emission_co2e_n2o_fgtv_fuel_oil,18:[1B] Emisiones fugitivas provenientes de la fabricación de combustibles:N2O,0.00426084,18
ippu,[2] Procesos industriales y uso de productos,[2A] Industria de los minerales,CO2,[2A] Industria de los minerales:CO2,emission_co2e_co2_ippu_production_cement:emission_co2e_co2_ippu_production_glass:emission_co2e_co2_ippu_production_lime_and_carbonite,19:[2A] Industria de los minerales:CO2,30.14890201,19
ippu,[2] Procesos industriales y uso de productos,[2B] Industria química,CH4,[2B] Industria química:CH4,emission_co2e_ch4_ippu_production_chemicals,20:[2B] Industria química:CH4,0.17562158,20
ippu,[2] Procesos industriales y uso de productos,[2B] Industria química,CO2,[2B] Industria química:CO2,emission_co2e_co2_ippu_production_chemicals,21:[2B] Industria química:CO2,2.22056683,21
ippu,[2] Procesos industriales y uso de productos,[2B] Industria química,HFCS,[2B] Industria química:HFCS,emission_co2e_hfcs_ippu_production_chemicals,22:[2B] Industria química:HFCS,1.33973568,22
ippu,[2] Procesos industriales y uso de productos,[2B] Industria química,N2O,[2B] Industria química:N2O,emission_co2e_n2o_ippu_production_chemicals,23:[2B] Industria química:N2O,0.40814744,23
ippu,[2] Procesos industriales y uso de productos,[2B] Industria química,NF3,[2B] Industria química:NF3,emission_co2e_nf3_ippu_production_chemicals,24:[2B] Industria química:NF3,0,24
ippu,[2] Procesos industriales y uso de productos,[2B] Industria química,PFCS,[2B] Industria química:PFCS,emission_co2e_pfcs_ippu_production_chemicals,25:[2B] Industria química:PFCS,0,25
ippu,[2] Procesos industriales y uso de productos,[2B] Industria química,SF6,[2B] Industria química:SF6,emission_co2e_sf6_ippu_production_chemicals,26:[2B] Industria química:SF6,0,26
ippu,[2] Procesos industriales y uso de productos,[2C] Industria de los metales,CH4,[2C] Industria de los metales:CH4,emission_co2e_ch4_ippu_production_metals,27:[2C] Industria de los metales:CH4,0,27
ippu,[2] Procesos industriales y uso de productos,[2C] Industria de los metales,CO2,[2C] Industria de los metales:CO2,emission_co2e_co2_ippu_production_metals,28:[2C] Industria de los metales:CO2,11.36953442,28
ippu,[2] Procesos industriales y uso de productos,[2C] Industria de los metales,HFCS,[2C] Industria de los metales:HFCS,emission_co2e_hfcs_ippu_production_metals,29:[2C] Industria de los metales:HFCS,0,29
ippu,[2] Procesos industriales y uso de productos,[2C] Industria de los metales,SF6,[2C] Industria de los metales:SF6,emission_co2e_sf6_ippu_production_metals,30:[2C] Industria de los metales:SF6,0,30
ippu,[2] Procesos industriales y uso de productos,[2D] Uso de productos no energéticos de combustibles y de solvente,CO2,[2D] Uso de productos no energéticos de combustibles y de solvente:CO2,emission_co2e_co2_ippu_product_use_product_use_lubricants:emission_co2e_co2_ippu_product_use_product_use_other:emission_co2e_co2_ippu_product_use_product_use_paraffin_wax:emission_co2e_co2_ippu_production_product_use_lubricants:emission_co2e_co2_ippu_production_product_use_paraffin_wax,31:[2D] Uso de productos no energéticos de combustibles y de solvente:CO2,0.00452108,31
ippu,[2] Procesos industriales y uso de productos,[2E] Industria electrónica,HFCS,[2E] Industria electrónica:HFCS,emission_co2e_hfcs_ippu_production_electronics,32:[2E] Industria electrónica:HFCS,0.00063268,32
ippu,[2] Procesos industriales y uso de productos,[2E] Industria electrónica,NF3,[2E] Industria electrónica:NF3,emission_co2e_nf3_ippu_production_electronics,33:[2E] Industria electrónica:NF3,0.00270088,33
ippu,[2] Procesos industriales y uso de productos,[2E] Industria electrónica,PFCS,[2E] Industria electrónica:PFCS,emission_co2e_pfcs_ippu_production_electronics,34:[2E] Industria electrónica:PFCS,0.03087353,34
ippu,[2] Procesos industriales y uso de productos,[2E] Industria electrónica,SF6,[2E] Industria electrónica:SF6,emission_co2e_sf6_ippu_production_electronics,35:[2E] Industria electrónica:SF6,0.00234061,35
ippu,[2] Procesos industriales y uso de productos,[2F] Uso de productos sustitutos de las sustancias que agotan la capa de ozono,HFCS,[2F] Uso de productos sustitutos de las sustancias que agotan la capa de ozono:HFCS,emission_co2e_hfcs_ippu_product_use_product_use_ods_other:emission_co2e_hfcs_ippu_product_use_product_use_ods_refrigeration,36:[2F] Uso de productos sustitutos de las sustancias que agotan la capa de ozono:HFCS,29.39323567,36
ippu,[2] Procesos industriales y uso de productos,[2G] Manufactura y utilización de otros productos,PFCS,[2G] Manufactura y utilización de otros productos:PFCS,emission_co2e_pfcs_ippu_production_other_product_manufacturing,37:[2G] Manufactura y utilización de otros productos:PFCS,0,37
ippu,[2] Procesos industriales y uso de productos,[2G] Manufactura y utilización de otros productos,SF6,[2G] Manufactura y utilización de otros productos:SF6,emission_co2e_sf6_ippu_production_other_product_manufacturing,38:[2G] Manufactura y utilización de otros productos:SF6,0.39865417,38
ippu,[2] Procesos industriales y uso de productos,[2H] Otros,CO2,[2H] Otros:CO2,emission_co2e_co2_ippu_production_paper:emission_co2e_co2_ippu_production_plastic,39:[2H] Otros:CO2,0.03182073,39
lvst,[3] Agricultura,[3A] Fermentación entérica,CH4,[3A] Fermentación entérica:CH4,emission_co2e_ch4_lvst_entferm_buffalo:emission_co2e_ch4_lvst_entferm_cattle_dairy:emission_co2e_ch4_lvst_entferm_cattle_nondairy:emission_co2e_ch4_lvst_entferm_chickens:emission_co2e_ch4_lvst_entferm_goats:emission_co2e_ch4_lvst_entferm_horses:emission_co2e_ch4_lvst_entferm_mules:emission_co2e_ch4_lvst_entferm_pigs:emission_co2e_ch4_lvst_entferm_sheep,40:[3A] Fermentación entérica:CH4,80.282859,40
lsmm,[3] Agricultura,[3B] Gestión del estiércol,CH4,[3B] Gestión del estiércol:CH4,emission_co2e_ch4_lsmm_anaerobic_digester:emission_co2e_ch4_lsmm_anaerobic_lagoon:emission_co2e_ch4_lsmm_composting:emission_co2e_ch4_lsmm_daily_spread:emission_co2e_ch4_lsmm_deep_bedding:emission_co2e_ch4_lsmm_dry_lot:emission_co2e_ch4_lsmm_incineration:emission_co2e_ch4_lsmm_liquid_slurry:emission_co2e_ch4_lsmm_paddock_pasture_range:emission_co2e_ch4_lsmm_poultry_manure:emission_co2e_ch4_lsmm_storage_solid,41:[3B] Gestión del estiércol:CH4,19.821297,41
lsmm,[3] Agricultura,[3B] Gestión del estiércol,N2O,[3B] Gestión del estiércol:N2O,emission_co2e_n2o_lsmm_direct_anaerobic_digester:emission_co2e_n2o_lsmm_direct_anaerobic_lagoon:emission_co2e_n2o_lsmm_direct_composting:emission_co2e_n2o_lsmm_direct_daily_spread:emission_co2e_n2o_lsmm_direct_deep_bedding:emission_co2e_n2o_lsmm_direct_dry_lot:emission_co2e_n2o_lsmm_direct_incineration:emission_co2e_n2o_lsmm_direct_liquid_slurry:emission_co2e_n2o_lsmm_direct_paddock_pasture_range:emission_co2e_n2o_lsmm_direct_poultry_manure:emission_co2e_n2o_lsmm_direct_storage_solid:emission_co2e_n2o_lsmm_indirect_anaerobic_digester:emission_co2e_n2o_lsmm_indirect_anaerobic_lagoon:emission_co2e_n2o_lsmm_indirect_composting:emission_co2e_n2o_lsmm_indirect_daily_spread:emission_co2e_n2o_lsmm_indirect_deep_bedding:emission_co2e_n2o_lsmm_indirect_dry_lot:emission_co2e_n2o_lsmm_indirect_incineration:emission_co2e_n2o_lsmm_indirect_liquid_slurry:emission_co2e_n2o_lsmm_indirect_paddock_pasture_range:emission_co2e_n2o_lsmm_indirect_poultry_manure:emission_co2e_n2o_lsmm_indirect_storage_solid,42:[3B] Gestión del estiércol:N2O,8.32669444,42
lsmm,[3] Agricultura,[3B5] Emisiones indirectas de los N2O de la gestión del estiércol,N2O,[3B5] Emisiones indirectas de los N2O de la gestión del estiércol:N2O,emission_co2e_n2o_lsmm_indirect_anaerobic_digester:emission_co2e_n2o_lsmm_indirect_anaerobic_lagoon:emission_co2e_n2o_lsmm_indirect_composting:emission_co2e_n2o_lsmm_indirect_daily_spread:emission_co2e_n2o_lsmm_indirect_deep_bedding:emission_co2e_n2o_lsmm_indirect_dry_lot:emission_co2e_n2o_lsmm_indirect_incineration:emission_co2e_n2o_lsmm_indirect_liquid_slurry:emission_co2e_n2o_lsmm_indirect_paddock_pasture_range:emission_co2e_n2o_lsmm_indirect_poultry_manure:emission_co2e_n2o_lsmm_indirect_storage_solid,43:[3B5] Emisiones indirectas de los N2O de la gestión del estiércol:N2O,1.7569836,43
agrc,[3] Agricultura,[3C] Cultivo del arroz,CH4,[3C] Cultivo del arroz:CH4,emission_co2e_ch4_agrc_anaerobicdom_rice,44:[3C] Cultivo del arroz:CH4,0.113413,44
soil,[3] Agricultura,[3D1] Emisiones directas de los N2O de los suelos gestionados,N2O,[3D1] Emisiones directas de los N2O de los suelos gestionados:N2O,emission_co2e_n2o_soil_fertilizer:emission_co2e_n2o_soil_mineral_soils:emission_co2e_n2o_soil_organic_soils,45:[3D1] Emisiones directas de los N2O de los suelos gestionados:N2O,12.1779585,45
soil,[3] Agricultura,[3D2] Emisiones indirectas de los N2O de los suelos gestionados,N2O,[3D2] Emisiones indirectas de los N2O de los suelos gestionados:N2O,emission_co2e_n2o_soil_paddock_pasture_range,46:[3D2] Emisiones indirectas de los N2O de los suelos gestionados:N2O,6.47199982,46
agrc,[3] Agricultura,[3F] Emisiones de quemado de biomasa en tierras de cultivo,CH4,[3F] Emisiones de quemado de biomasa en tierras de cultivo:CH4,emission_co2e_ch4_agrc_biomass_burning,47:[3F] Emisiones de quemado de biomasa en tierras de cultivo:CH4,0.64178557,47
agrc,[3] Agricultura,[3F] Emisiones de quemado de biomasa en tierras de cultivo,N2O,[3F] Emisiones de quemado de biomasa en tierras de cultivo:N2O,emission_co2e_n2o_agrc_biomass_burning:emission_co2e_n2o_agrc_crop_residues,48:[3F] Emisiones de quemado de biomasa en tierras de cultivo:N2O,0.19557258,48
soil,[3] Agricultura,[3G] Encalado,CO2,[3G] Encalado:CO2,emission_co2e_co2_soil_lime_use,49:[3G] Encalado:CO2,0.04150239,49
soil,[3] Agricultura,[3H] Aplicación de urea,CO2,[3H] Aplicación de urea:CO2,emission_co2e_co2_soil_urea_use,50:[3H] Aplicación de urea:CO2,1.61227861,50
frst,"[4] Uso de la tierra, cambios de uso de la tierra y silvicultura (UTCUTS)",[4A] Tierra forestales,CO2,[4A] Tierra forestales:CO2,emission_co2e_co2_frst_sequestration_mangroves:emission_co2e_co2_frst_sequestration_primary:emission_co2e_co2_frst_sequestration_secondary,51:[4A] Tierra forestales:CO2,-181.5048612,51
lndu,"[4] Uso de la tierra, cambios de uso de la tierra y silvicultura (UTCUTS)",[4B] Tierra de cultivo,CO2,[4B] Tierra de cultivo:CO2,emission_co2e_co2_lndu_conversion_croplands_to_croplands:emission_co2e_co2_lndu_conversion_flooded_to_croplands:emission_co2e_co2_lndu_conversion_grasslands_to_croplands:emission_co2e_co2_lndu_conversion_other_to_croplands:emission_co2e_co2_lndu_conversion_pastures_to_croplands:emission_co2e_co2_lndu_conversion_settlements_to_croplands:emission_co2e_co2_lndu_conversion_shrublands_to_croplands:emission_co2e_co2_lndu_conversion_wetlands_to_croplands,52:[4B] Tierra de cultivo:CO2,-15.09291194,52
lndu,"[4] Uso de la tierra, cambios de uso de la tierra y silvicultura (UTCUTS)",[4C] Praderas,CO2,[4C] Praderas:CO2,emission_co2e_co2_lndu_biomass_sequestration_grasslands:emission_co2e_co2_lndu_biomass_sequestration_pastures:emission_co2e_co2_lndu_biomass_sequestration_shrublands:emission_co2e_co2_lndu_conversion_croplands_to_grasslands:emission_co2e_co2_lndu_conversion_croplands_to_pastures:emission_co2e_co2_lndu_conversion_croplands_to_shrublands:emission_co2e_co2_lndu_conversion_flooded_to_grasslands:emission_co2e_co2_lndu_conversion_flooded_to_pastures:emission_co2e_co2_lndu_conversion_flooded_to_shrublands:emission_co2e_co2_lndu_conversion_grasslands_to_grasslands:emission_co2e_co2_lndu_conversion_grasslands_to_pastures:emission_co2e_co2_lndu_conversion_grasslands_to_shrublands:emission_co2e_co2_lndu_conversion_other_to_grasslands:emission_co2e_co2_lndu_conversion_other_to_pastures:emission_co2e_co2_lndu_conversion_other_to_shrublands:emission_co2e_co2_lndu_conversion_pastures_to_grasslands:emission_co2e_co2_lndu_conversion_pastures_to_pastures:emission_co2e_co2_lndu_conversion_pastures_to_shrublands:emission_co2e_co2_lndu_conversion_settlements_to_grasslands:emission_co2e_co2_lndu_conversion_settlements_to_pastures:emission_co2e_co2_lndu_conversion_settlements_to_shrublands:emission_co2e_co2_lndu_conversion_shrublands_to_grasslands:emission_co2e_co2_lndu_conversion_shrublands_to_pastures:emission_co2e_co2_lndu_conversion_shrublands_to_shrublands:emission_co2e_co2_lndu_conversion_wetlands_to_grasslands:emission_co2e_co2_lndu_conversion_wetlands_to_pastures:emission_co2e_co2_lndu_conversion_wetlands_to_shrublands,53:[4C] Praderas:CO2,10.77453095,53
lndu,"[4] Uso de la tierra, cambios de uso de la tierra y silvicultura (UTCUTS)",[4D] Humedales,CO2,[4D] Humedales:CO2,emission_co2e_co2_lndu_biomass_sequestration_wetlands:emission_co2e_co2_lndu_conversion_croplands_to_flooded:emission_co2e_co2_lndu_conversion_croplands_to_wetlands:emission_co2e_co2_lndu_conversion_flooded_to_flooded:emission_co2e_co2_lndu_conversion_flooded_to_wetlands:emission_co2e_co2_lndu_conversion_grasslands_to_flooded:emission_co2e_co2_lndu_conversion_grasslands_to_wetlands:emission_co2e_co2_lndu_conversion_other_to_flooded:emission_co2e_co2_lndu_conversion_other_to_wetlands:emission_co2e_co2_lndu_conversion_pastures_to_flooded:emission_co2e_co2_lndu_conversion_pastures_to_wetlands:emission_co2e_co2_lndu_conversion_settlements_to_flooded:emission_co2e_co2_lndu_conversion_settlements_to_wetlands:emission_co2e_co2_lndu_conversion_shrublands_to_flooded:emission_co2e_co2_lndu_conversion_shrublands_to_wetlands:emission_co2e_co2_lndu_conversion_wetlands_to_flooded:emission_co2e_co2_lndu_conversion_wetlands_to_wetlands,54:[4D] Humedales:CO2,0.10248526,54
lndu,"[4] Uso de la tierra, cambios de uso de la tierra y silvicultura (UTCUTS)",[4E] Asentamientos,CO2,[4E] Asentamientos:CO2,emission_co2e_co2_lndu_biomass_sequestration_settlements:emission_co2e_co2_lndu_conversion_croplands_to_settlements:emission_co2e_co2_lndu_conversion_flooded_to_settlements:emission_co2e_co2_lndu_conversion_grasslands_to_settlements:emission_co2e_co2_lndu_conversion_other_to_settlements:emission_co2e_co2_lndu_conversion_pastures_to_settlements:emission_co2e_co2_lndu_conversion_settlements_to_settlements:emission_co2e_co2_lndu_conversion_shrublands_to_settlements:emission_co2e_co2_lndu_conversion_wetlands_to_settlements,55:[4E] Asentamientos:CO2,0.60944543,55
lndu,"[4] Uso de la tierra, cambios de uso de la tierra y silvicultura (UTCUTS)",[4F] Otras tierras,CO2,[4F] Otras tierras:CO2,emission_co2e_co2_lndu_biomass_sequestration_other:emission_co2e_co2_lndu_conversion_croplands_to_other:emission_co2e_co2_lndu_conversion_flooded_to_other:emission_co2e_co2_lndu_conversion_grasslands_to_other:emission_co2e_co2_lndu_conversion_other_to_other:emission_co2e_co2_lndu_conversion_pastures_to_other:emission_co2e_co2_lndu_conversion_settlements_to_other:emission_co2e_co2_lndu_conversion_shrublands_to_other:emission_co2e_co2_lndu_conversion_wetlands_to_other,56:[4F] Otras tierras:CO2,0.87769924,56
frst,"[4] Uso de la tierra, cambios de uso de la tierra y silvicultura (UTCUTS)",[4G] Productos de madera recolectada,CO2,[4G] Productos de madera recolectada:CO2,emission_co2e_co2_frst_harvested_wood_products,57:[4G] Productos de madera recolectada:CO2,-3.42753022,57
frst,"[4] Uso de la tierra, cambios de uso de la tierra y silvicultura (UTCUTS)",[4G] Productos de madera recolectada,CO2,[4G] Productos de madera recolectada:CO2,emission_co2e_co2_frst_harvested_wood_products,58:[4G] Productos de madera recolectada:CO2,-3.42753022,58
frst,"[4] Uso de la tierra, cambios de uso de la tierra y silvicultura (UTCUTS)",[4(IV)] Emisiones de GEI por quemado de biomasa,CH4,[4(IV)] Emisiones de GEI por quemado de biomasa:CH4,emission_co2e_ch4_frst_methane_mangroves:emission_co2e_ch4_frst_methane_primary:emission_co2e_ch4_frst_methane_secondary,59:[4(IV)] Emisiones de GEI por quemado de biomasa:CH4,2.5037663,59
frst,"[4] Uso de la tierra, cambios de uso de la tierra y silvicultura (UTCUTS)",[4(IV)] Emisiones de GEI por quemado de biomasa,N2O,[4(IV)] Emisiones de GEI por quemado de biomasa:N2O,emission_co2e_co2_frst_forest_fires,60:[4(IV)] Emisiones de GEI por quemado de biomasa:N2O,1.23319089,60
waso,[5] Residuos,[5A] Eliminación de residuos sólidos,CH4,[5A] Eliminación de residuos sólidos:CH4,emission_co2e_ch4_waso_landfilled_chemical_industrial:emission_co2e_ch4_waso_landfilled_food:emission_co2e_ch4_waso_landfilled_glass:emission_co2e_ch4_waso_landfilled_metal:emission_co2e_ch4_waso_landfilled_nappies:emission_co2e_ch4_waso_landfilled_other:emission_co2e_ch4_waso_landfilled_paper:emission_co2e_ch4_waso_landfilled_plastic:emission_co2e_ch4_waso_landfilled_rubber_leather:emission_co2e_ch4_waso_landfilled_sludge:emission_co2e_ch4_waso_landfilled_textiles:emission_co2e_ch4_waso_landfilled_wood:emission_co2e_ch4_waso_landfilled_yard:emission_co2e_ch4_waso_open_dump_chemical_industrial:emission_co2e_ch4_waso_open_dump_food:emission_co2e_ch4_waso_open_dump_glass:emission_co2e_ch4_waso_open_dump_metal:emission_co2e_ch4_waso_open_dump_nappies:emission_co2e_ch4_waso_open_dump_other:emission_co2e_ch4_waso_open_dump_paper:emission_co2e_ch4_waso_open_dump_plastic:emission_co2e_ch4_waso_open_dump_rubber_leather:emission_co2e_ch4_waso_open_dump_sludge:emission_co2e_ch4_waso_open_dump_textiles:emission_co2e_ch4_waso_open_dump_wood:emission_co2e_ch4_waso_open_dump_yard,61:[5A] Eliminación de residuos sólidos:CH4,34.47101742,61
waso,[5] Residuos,[5B] Tratamiento biológico de los residuos sólidos,CH4,[5B] Tratamiento biológico de los residuos sólidos:CH4,emission_co2e_ch4_waso_biogas_food:emission_co2e_ch4_waso_biogas_sludge:emission_co2e_ch4_waso_biogas_yard:emission_co2e_ch4_waso_compost_food:emission_co2e_ch4_waso_compost_sludge:emission_co2e_ch4_waso_compost_yard,62:[5B] Tratamiento biológico de los residuos sólidos:CH4,0.09848479,62
waso,[5] Residuos,[5B] Tratamiento biológico de los residuos sólidos,N2O,[5B] Tratamiento biológico de los residuos sólidos:N2O,emission_co2e_n2o_waso_compost_food:emission_co2e_n2o_waso_compost_sludge:emission_co2e_n2o_waso_compost_yard,63:[5B] Tratamiento biológico de los residuos sólidos:N2O,0.06990661,63
waso,[5] Residuos,[5C] Incineración y quema a cielo abierto de residuos,CH4,[5C] Incineración y quema a cielo abierto de residuos:CH4,emission_co2e_ch4_waso_incineration,64:[5C] Incineración y quema a cielo abierto de residuos:CH4,0.78025972,64
waso,[5] Residuos,[5C] Incineración y quema a cielo abierto de residuos,CO2,[5C] Incineración y quema a cielo abierto de residuos:CO2,emission_co2e_co2_waso_incineration,65:[5C] Incineración y quema a cielo abierto de residuos:CO2,2.07769723,65
waso,[5] Residuos,[5C] Incineración y quema a cielo abierto de residuos,N2O,[5C] Incineración y quema a cielo abierto de residuos:N2O,emission_co2e_n2o_waso_incineration,66:[5C] Incineración y quema a cielo abierto de residuos:N2O,0.17221412,66
trww,[5] Residuos,[5D] Tratamiento y eliminación de aguas residuales,CH4,[5D] Tratamiento y eliminación de aguas residuales:CH4,emission_co2e_ch4_trww_treated_advanced_aerobic_treatment:emission_co2e_ch4_trww_treated_advanced_anaerobic_treatment:emission_co2e_ch4_trww_treated_latrine_improved_treatment:emission_co2e_ch4_trww_treated_latrine_unimproved_treatment:emission_co2e_ch4_trww_treated_primary_treatment:emission_co2e_ch4_trww_treated_secondary_aerobic_treatment:emission_co2e_ch4_trww_treated_secondary_anaerobic_treatment:emission_co2e_ch4_trww_treated_septic_treatment:emission_co2e_ch4_trww_untreated_no_sewerage_treatment:emission_co2e_ch4_trww_untreated_with_sewerage_treatment,67:[5D] Tratamiento y eliminación de aguas residuales:CH4,23.61854853,67
trww,[5] Residuos,[5D] Tratamiento y eliminación de aguas residuales,N2O,[5D] Tratamiento y eliminación de aguas residuales:N2O,emission_co2e_n2o_trww_treated_advanced_aerobic_effluent:emission_co2e_n2o_trww_treated_advanced_aerobic_treatment:emission_co2e_n2o_trww_treated_advanced_anaerobic_effluent:emission_co2e_n2o_trww_treated_advanced_anaerobic_treatment:emission_co2e_n2o_trww_treated_latrine_improved_effluent:emission_co2e_n2o_trww_treated_latrine_improved_treatment:emission_co2e_n2o_trww_treated_latrine_unimproved_effluent:emission_co2e_n2o_trww_treated_latrine_unimproved_treatment:emission_co2e_n2o_trww_treated_primary_effluent:emission_co2e_n2o_trww_treated_primary_treatment:emission_co2e_n2o_trww_treated_secondary_aerobic_effluent:emission_co2e_n2o_trww_treated_secondary_aerobic_treatment:emission_co2e_n2o_trww_treated_secondary_anaerobic_effluent:emission_co2e_n2o_trww_treated_secondary_anaerobic_treatment:emission_co2e_n2o_trww_treated_septic_effluent:emission_co2e_n2o_trww_treated_septic_treatment:emission_co2e_n2o_trww_untreated_no_sewerage_effluent:emission_co2e_n2o_trww_untreated_no_sewerage_treatment:emission_co2e_n2o_trww_untreated_with_sewerage_effluent:emission_co2e_n2o_trww_untreated_with_sewerage_treatment,68:[5D] Tratamiento y eliminación de aguas residuales:N2O,6.88025269,68
ccsq,[6] CCSQ,[6] CCSQ,CH4,[6] CCSQCH4,emission_co2e_ch4_ccsq_direct_air_capture,69:[6] CCSQCH4,0,69
ccsq,[6] CCSQ,[6] CCSQ,CO2,[6] CCSQCO2,emission_co2e_co2_ccsq_direct_air_capture,70:[6] CCSQCO2,0,70
ccsq,[6] CCSQ,[6] CCSQ,N2O,[6] CCSQN2O,emission_co2e_n2o_ccsq_direct_air_capture,71:[6] CCSQN2O,0,71