sector,subsector,transformer_code,transformer_name,transformer_description,transformer_unit,maximum_magnitude,strategy_PFLO_1,strategy_PFLO_2,year
0.0,0.0,TFR:ENTC:TARGET_RENEWABLE_ELEC,0.0,0.0,0.0,0.0,0.0,0.0,2015
0.0,0.0,TFR:ENTC:TARGET_RENEWABLE_ELEC,0.0,0.0,0.0,0.0,0.0,0.0,2016
0.0,0.0,TFR:ENTC:TARGET_RENEWABLE_ELEC,0.0,0.0,0.0,0.0,0.0,0.0,2017
0.0,0.0,TFR:ENTC:TARGET_RENEWABLE_ELEC,0.0,0.0,0.0,0.0,0.0,0.0,2018
0.0,0.0,TFR:ENTC:TARGET_RENEWABLE_ELEC,0.0,0.0,0.0,0.0,0.0,0.0,2019
0.0,0.0,TFR:ENTC:TARGET_RENEWABLE_ELEC,0.0,0.0,0.0,0.0,0.0,0.0,2020
0.0,0.0,TFR:ENTC:TARGET_RENEWABLE_ELEC,0.0,0.0,0.0,0.0,0.0,0.0,2021
0.0,0.0,TFR:ENTC:TARGET_RENEWABLE_ELEC,0.0,0.0,0.0,0.0,0.0,0.0,2022
0.0,0.0,TFR:ENTC:TARGET_RENEWABLE_ELEC,0.0,0.0,0.0,0.0,0.0,0.0,2023
0.0,0.0,TFR:ENTC:TARGET_RENEWABLE_ELEC,0.0,0.0,0.0,0.0,0.0,0.0,2024
0.0,0.0,TFR:ENTC:TARGET_RENEWABLE_ELEC,0.0,0.0,0.0,0.0,0.0,0.0,2025
0.0,0.0,TFR:ENTC:TARGET_RENEWABLE_ELEC,0.0,0.0,0.0,0.0,0.0,0.0,2026
0.0,0.0,TFR:ENTC:TARGET_RENEWABLE_ELEC,0.0,0.0,0.0,0.0,0.0,0.0,2027
0.0,0.0,TFR:ENTC:TARGET_RENEWABLE_ELEC,0.0,0.0,0.0,0.0,0.0,0.041304347826086954,2028
0.0,0.0,TFR:ENTC:TARGET_RENEWABLE_ELEC,0.0,0.0,0.0,0.0,0.0,0.08260869565217391,2029
0.0,0.0,TFR:ENTC:TARGET_RENEWABLE_ELEC,0.0,0.0,0.0,0.0,0.0,0.12391304347826086,2030
0.0,0.0,TFR:ENTC:TARGET_RENEWABLE_ELEC,0.0,0.0,0.0,0.0,0.0,0.16521739130434782,2031
0.0,0.0,TFR:ENTC:TARGET_RENEWABLE_ELEC,0.0,0.0,0.0,0.0,0.0,0.20652173913043476,2032
0.0,0.0,TFR:ENTC:TARGET_RENEWABLE_ELEC,0.0,0.0,0.0,0.0,0.0,0.24782608695652172,2033
0.0,0.0,TFR:ENTC:TARGET_RENEWABLE_ELEC,0.0,0.0,0.0,0.0,0.0,0.2891304347826087,2034
0.0,0.0,TFR:ENTC:TARGET_RENEWABLE_ELEC,0.0,0.0,0.0,0.0,0.0,0.33043478260869563,2035
0.0,0.0,TFR:ENTC:TARGET_RENEWABLE_ELEC,0.0,0.0,0.0,0.0,0.0,0.3717391304347826,2036
0.0,0.0,TFR:ENTC:TARGET_RENEWABLE_ELEC,0.0,0.0,0.0,0.0,0.0,0.4130434782608695,2037
0.0,0.0,TFR:ENTC:TARGET_RENEWABLE_ELEC,0.0,0.0,0.0,0.0,0.0,0.4543478260869565,2038
0.0,0.0,TFR:ENTC:TARGET_RENEWABLE_ELEC,0.0,0.0,0.0,0.0,0.0,0.49565217391304345,2039
0.0,0.0,TFR:ENTC:TARGET_RENEWABLE_ELEC,0.0,0.0,0.0,0.0,0.0,0.5369565217391303,2040
0.0,0.0,TFR:ENTC:TARGET_RENEWABLE_ELEC,0.0,0.0,0.0,0.0,0.0,0.5782608695652174,2041
0.0,0.0,TFR:ENTC:TARGET_RENEWABLE_ELEC,0.0,0.0,0.0,0.0,0.0,0.6195652173913043,2042
0.0,0.0,TFR:ENTC:TARGET_RENEWABLE_ELEC,0.0,0.0,0.0,0.0,0.0,0.6608695652173913,2043
0.0,0.0,TFR:ENTC:TARGET_RENEWABLE_ELEC,0.0,0.0,0.0,0.0,0.0,0.7021739130434782,2044
0.0,0.0,TFR:ENTC:TARGET_RENEWABLE_ELEC,0.0,0.0,0.0,0.0,0.0,0.7434782608695653,2045
0.0,0.0,TFR:ENTC:TARGET_RENEWABLE_ELEC,0.0,0.0,0.0,0.0,0.0,0.7847826086956522,2046
0.0,0.0,TFR:ENTC:TARGET_RENEWABLE_ELEC,0.0,0.0,0.0,0.0,0.0,0.826086956521739,2047
0.0,0.0,TFR:ENTC:TARGET_RENEWABLE_ELEC,0.0,0.0,0.0,0.0,0.0,0.867391304347826,2048
0.0,0.0,TFR:ENTC:TARGET_RENEWABLE_ELEC,0.0,0.0,0.0,0.0,0.0,0.908695652173913,2049
0.0,0.0,TFR:ENTC:TARGET_RENEWABLE_ELEC,0.0,0.0,0.0,0.0,0.0,0.95,2050
0.0,0.0,TFR:IPPU:DEC_CLINKER,0.0,0.0,0.0,0.0,0.0,0.0,2015
0.0,0.0,TFR:IPPU:DEC_CLINKER,0.0,0.0,0.0,0.0,0.0,0.0,2016
0.0,0.0,TFR:IPPU:DEC_CLINKER,0.0,0.0,0.0,0.0,0.0,0.0,2017
0.0,0.0,TFR:IPPU:DEC_CLINKER,0.0,0.0,0.0,0.0,0.0,0.0,2018
0.0,0.0,TFR:IPPU:DEC_CLINKER,0.0,0.0,0.0,0.0,0.0,0.0,2019
0.0,0.0,TFR:IPPU:DEC_CLINKER,0.0,0.0,0.0,0.0,0.0,0.0,2020
0.0,0.0,TFR:IPPU:DEC_CLINKER,0.0,0.0,0.0,0.0,0.0,0.0,2021
0.0,0.0,TFR:IPPU:DEC_CLINKER,0.0,0.0,0.0,0.0,0.0,0.0,2022
0.0,0.0,TFR:IPPU:DEC_CLINKER,0.0,0.0,0.0,0.0,0.0,0.0,2023
0.0,0.0,TFR:IPPU:DEC_CLINKER,0.0,0.0,0.0,0.0,0.0,0.0,2024
0.0,0.0,TFR:IPPU:DEC_CLINKER,0.0,0.0,0.0,0.0,0.0,0.0,2025
0.0,0.0,TFR:IPPU:DEC_CLINKER,0.0,0.0,0.0,0.0,0.0,0.0,2026
0.0,0.0,TFR:IPPU:DEC_CLINKER,0.0,0.0,0.0,0.0,0.0,0.0,2027
0.0,0.0,TFR:IPPU:DEC_CLINKER,0.0,0.0,0.0,0.0,0.0,0.021739130434782608,2028
0.0,0.0,TFR:IPPU:DEC_CLINKER,0.0,0.0,0.0,0.0,0.0,0.043478260869565216,2029
0.0,0.0,TFR:IPPU:DEC_CLINKER,0.0,0.0,0.0,0.0,0.0,0.06521739130434782,2030
0.0,0.0,TFR:IPPU:DEC_CLINKER,0.0,0.0,0.0,0.0,0.0,0.08695652173913043,2031
0.0,0.0,TFR:IPPU:DEC_CLINKER,0.0,0.0,0.0,0.0,0.0,0.10869565217391304,2032
0.0,0.0,TFR:IPPU:DEC_CLINKER,0.0,0.0,0.0,0.0,0.0,0.13043478260869565,2033
0.0,0.0,TFR:IPPU:DEC_CLINKER,0.0,0.0,0.0,0.0,0.0,0.15217391304347827,2034
0.0,0.0,TFR:IPPU:DEC_CLINKER,0.0,0.0,0.0,0.0,0.0,0.17391304347826086,2035
0.0,0.0,TFR:IPPU:DEC_CLINKER,0.0,0.0,0.0,0.0,0.0,0.1956521739130435,2036
0.0,0.0,TFR:IPPU:DEC_CLINKER,0.0,0.0,0.0,0.0,0.0,0.21739130434782608,2037
0.0,0.0,TFR:IPPU:DEC_CLINKER,0.0,0.0,0.0,0.0,0.0,0.2391304347826087,2038
0.0,0.0,TFR:IPPU:DEC_CLINKER,0.0,0.0,0.0,0.0,0.0,0.2608695652173913,2039
0.0,0.0,TFR:IPPU:DEC_CLINKER,0.0,0.0,0.0,0.0,0.0,0.2826086956521739,2040
0.0,0.0,TFR:IPPU:DEC_CLINKER,0.0,0.0,0.0,0.0,0.0,0.30434782608695654,2041
0.0,0.0,TFR:IPPU:DEC_CLINKER,0.0,0.0,0.0,0.0,0.0,0.32608695652173914,2042
0.0,0.0,TFR:IPPU:DEC_CLINKER,0.0,0.0,0.0,0.0,0.0,0.34782608695652173,2043
0.0,0.0,TFR:IPPU:DEC_CLINKER,0.0,0.0,0.0,0.0,0.0,0.3695652173913043,2044
0.0,0.0,TFR:IPPU:DEC_CLINKER,0.0,0.0,0.0,0.0,0.0,0.391304347826087,2045
0.0,0.0,TFR:IPPU:DEC_CLINKER,0.0,0.0,0.0,0.0,0.0,0.41304347826086957,2046
0.0,0.0,TFR:IPPU:DEC_CLINKER,0.0,0.0,0.0,0.0,0.0,0.43478260869565216,2047
0.0,0.0,TFR:IPPU:DEC_CLINKER,0.0,0.0,0.0,0.0,0.0,0.45652173913043476,2048
0.0,0.0,TFR:IPPU:DEC_CLINKER,0.0,0.0,0.0,0.0,0.0,0.4782608695652174,2049
0.0,0.0,TFR:IPPU:DEC_CLINKER,0.0,0.0,0.0,0.0,0.0,0.5,2050
0.0,0.0,TFR:IPPU:DEC_DEMAND,0.0,0.0,0.0,0.0,0.0,0.0,2015
0.0,0.0,TFR:IPPU:DEC_DEMAND,0.0,0.0,0.0,0.0,0.0,0.0,2016
0.0,0.0,TFR:IPPU:DEC_DEMAND,0.0,0.0,0.0,0.0,0.0,0.0,2017
0.0,0.0,TFR:IPPU:DEC_DEMAND,0.0,0.0,0.0,0.0,0.0,0.0,2018
0.0,0.0,TFR:IPPU:DEC_DEMAND,0.0,0.0,0.0,0.0,0.0,0.0,2019
0.0,0.0,TFR:IPPU:DEC_DEMAND,0.0,0.0,0.0,0.0,0.0,0.0,2020
0.0,0.0,TFR:IPPU:DEC_DEMAND,0.0,0.0,0.0,0.0,0.0,0.0,2021
0.0,0.0,TFR:IPPU:DEC_DEMAND,0.0,0.0,0.0,0.0,0.0,0.0,2022
0.0,0.0,TFR:IPPU:DEC_DEMAND,0.0,0.0,0.0,0.0,0.0,0.0,2023
0.0,0.0,TFR:IPPU:DEC_DEMAND,0.0,0.0,0.0,0.0,0.0,0.0,2024
0.0,0.0,TFR:IPPU:DEC_DEMAND,0.0,0.0,0.0,0.0,0.0,0.0,2025
0.0,0.0,TFR:IPPU:DEC_DEMAND,0.0,0.0,0.0,0.0,0.0,0.0,2026
0.0,0.0,TFR:IPPU:DEC_DEMAND,0.0,0.0,0.0,0.0,0.0,0.0,2027
0.0,0.0,TFR:IPPU:DEC_DEMAND,0.0,0.0,0.0,0.0,0.0,0.013043478260869565,2028
0.0,0.0,TFR:IPPU:DEC_DEMAND,0.0,0.0,0.0,0.0,0.0,0.02608695652173913,2029
0.0,0.0,TFR:IPPU:DEC_DEMAND,0.0,0.0,0.0,0.0,0.0,0.03913043478260869,2030
0.0,0.0,TFR:IPPU:DEC_DEMAND,0.0,0.0,0.0,0.0,0.0,0.05217391304347826,2031
0.0,0.0,TFR:IPPU:DEC_DEMAND,0.0,0.0,0.0,0.0,0.0,0.06521739130434782,2032
0.0,0.0,TFR:IPPU:DEC_DEMAND,0.0,0.0,0.0,0.0,0.0,0.07826086956521738,2033
0.0,0.0,TFR:IPPU:DEC_DEMAND,0.0,0.0,0.0,0.0,0.0,0.09130434782608696,2034
0.0,0.0,TFR:IPPU:DEC_DEMAND,0.0,0.0,0.0,0.0,0.0,0.10434782608695652,2035
0.0,0.0,TFR:IPPU:DEC_DEMAND,0.0,0.0,0.0,0.0,0.0,0.11739130434782609,2036
0.0,0.0,TFR:IPPU:DEC_DEMAND,0.0,0.0,0.0,0.0,0.0,0.13043478260869565,2037
0.0,0.0,TFR:IPPU:DEC_DEMAND,0.0,0.0,0.0,0.0,0.0,0.14347826086956522,2038
0.0,0.0,TFR:IPPU:DEC_DEMAND,0.0,0.0,0.0,0.0,0.0,0.15652173913043477,2039
0.0,0.0,TFR:IPPU:DEC_DEMAND,0.0,0.0,0.0,0.0,0.0,0.16956521739130434,2040
0.0,0.0,TFR:IPPU:DEC_DEMAND,0.0,0.0,0.0,0.0,0.0,0.1826086956521739,2041
0.0,0.0,TFR:IPPU:DEC_DEMAND,0.0,0.0,0.0,0.0,0.0,0.1956521739130435,2042
0.0,0.0,TFR:IPPU:DEC_DEMAND,0.0,0.0,0.0,0.0,0.0,0.20869565217391303,2043
0.0,0.0,TFR:IPPU:DEC_DEMAND,0.0,0.0,0.0,0.0,0.0,0.22173913043478258,2044
0.0,0.0,TFR:IPPU:DEC_DEMAND,0.0,0.0,0.0,0.0,0.0,0.23478260869565218,2045
0.0,0.0,TFR:IPPU:DEC_DEMAND,0.0,0.0,0.0,0.0,0.0,0.24782608695652172,2046
0.0,0.0,TFR:IPPU:DEC_DEMAND,0.0,0.0,0.0,0.0,0.0,0.2608695652173913,2047
0.0,0.0,TFR:IPPU:DEC_DEMAND,0.0,0.0,0.0,0.0,0.0,0.27391304347826084,2048
0.0,0.0,TFR:IPPU:DEC_DEMAND,0.0,0.0,0.0,0.0,0.0,0.28695652173913044,2049
0.0,0.0,TFR:IPPU:DEC_DEMAND,0.0,0.0,0.0,0.0,0.0,0.3,2050
Energy,TRDE,TFR:TRDE:DEC_DEMAND,TRDE: Reduce demand for transport,Missing,"Fractional reduction in aggregate transportation demand by TRDE demand type (e.g., public_private, regional, or freight)",0.0,0.0,0.0,2015
Energy,TRDE,TFR:TRDE:DEC_DEMAND,TRDE: Reduce demand for transport,Missing,"Fractional reduction in aggregate transportation demand by TRDE demand type (e.g., public_private, regional, or freight)",0.0,0.0,0.0,2016
Energy,TRDE,TFR:TRDE:DEC_DEMAND,TRDE: Reduce demand for transport,Missing,"Fractional reduction in aggregate transportation demand by TRDE demand type (e.g., public_private, regional, or freight)",0.0,0.0,0.0,2017
Energy,TRDE,TFR:TRDE:DEC_DEMAND,TRDE: Reduce demand for transport,Missing,"Fractional reduction in aggregate transportation demand by TRDE demand type (e.g., public_private, regional, or freight)",0.0,0.0,0.0,2018
Energy,TRDE,TFR:TRDE:DEC_DEMAND,TRDE: Reduce demand for transport,Missing,"Fractional reduction in aggregate transportation demand by TRDE demand type (e.g., public_private, regional, or freight)",0.0,0.0,0.0,2019
Energy,TRDE,TFR:TRDE:DEC_DEMAND,TRDE: Reduce demand for transport,Missing,"Fractional reduction in aggregate transportation demand by TRDE demand type (e.g., public_private, regional, or freight)",0.0,0.0,0.0,2020
Energy,TRDE,TFR:TRDE:DEC_DEMAND,TRDE: Reduce demand for transport,Missing,"Fractional reduction in aggregate transportation demand by TRDE demand type (e.g., public_private, regional, or freight)",0.0,0.0,0.0,2021
Energy,TRDE,TFR:TRDE:DEC_DEMAND,TRDE: Reduce demand for transport,Missing,"Fractional reduction in aggregate transportation demand by TRDE demand type (e.g., public_private, regional, or freight)",0.0,0.0,0.0,2022
Energy,TRDE,TFR:TRDE:DEC_DEMAND,TRDE: Reduce demand for transport,Missing,"Fractional reduction in aggregate transportation demand by TRDE demand type (e.g., public_private, regional, or freight)",0.0,0.0,0.0,2023
Energy,TRDE,TFR:TRDE:DEC_DEMAND,TRDE: Reduce demand for transport,Missing,"Fractional reduction in aggregate transportation demand by TRDE demand type (e.g., public_private, regional, or freight)",0.0,0.0,0.0,2024
Energy,TRDE,TFR:TRDE:DEC_DEMAND,TRDE: Reduce demand for transport,Missing,"Fractional reduction in aggregate transportation demand by TRDE demand type (e.g., public_private, regional, or freight)",0.0,0.0,0.0,2025
Energy,TRDE,TFR:TRDE:DEC_DEMAND,TRDE: Reduce demand for transport,Missing,"Fractional reduction in aggregate transportation demand by TRDE demand type (e.g., public_private, regional, or freight)",0.0,0.0,0.0,2026
Energy,TRDE,TFR:TRDE:DEC_DEMAND,TRDE: Reduce demand for transport,Missing,"Fractional reduction in aggregate transportation demand by TRDE demand type (e.g., public_private, regional, or freight)",0.0,0.0,0.0,2027
Energy,TRDE,TFR:TRDE:DEC_DEMAND,TRDE: Reduce demand for transport,Missing,"Fractional reduction in aggregate transportation demand by TRDE demand type (e.g., public_private, regional, or freight)",0.0,0.010869565217391304,0.021739130434782608,2028
Energy,TRDE,TFR:TRDE:DEC_DEMAND,TRDE: Reduce demand for transport,Missing,"Fractional reduction in aggregate transportation demand by TRDE demand type (e.g., public_private, regional, or freight)",0.0,0.021739130434782608,0.043478260869565216,2029
Energy,TRDE,TFR:TRDE:DEC_DEMAND,TRDE: Reduce demand for transport,Missing,"Fractional reduction in aggregate transportation demand by TRDE demand type (e.g., public_private, regional, or freight)",0.0,0.03260869565217391,0.06521739130434782,2030
Energy,TRDE,TFR:TRDE:DEC_DEMAND,TRDE: Reduce demand for transport,Missing,"Fractional reduction in aggregate transportation demand by TRDE demand type (e.g., public_private, regional, or freight)",0.0,0.043478260869565216,0.08695652173913043,2031
Energy,TRDE,TFR:TRDE:DEC_DEMAND,TRDE: Reduce demand for transport,Missing,"Fractional reduction in aggregate transportation demand by TRDE demand type (e.g., public_private, regional, or freight)",0.0,0.05434782608695652,0.10869565217391304,2032
Energy,TRDE,TFR:TRDE:DEC_DEMAND,TRDE: Reduce demand for transport,Missing,"Fractional reduction in aggregate transportation demand by TRDE demand type (e.g., public_private, regional, or freight)",0.0,0.06521739130434782,0.13043478260869565,2033
Energy,TRDE,TFR:TRDE:DEC_DEMAND,TRDE: Reduce demand for transport,Missing,"Fractional reduction in aggregate transportation demand by TRDE demand type (e.g., public_private, regional, or freight)",0.0,0.07608695652173914,0.15217391304347827,2034
Energy,TRDE,TFR:TRDE:DEC_DEMAND,TRDE: Reduce demand for transport,Missing,"Fractional reduction in aggregate transportation demand by TRDE demand type (e.g., public_private, regional, or freight)",0.0,0.08695652173913043,0.17391304347826086,2035
Energy,TRDE,TFR:TRDE:DEC_DEMAND,TRDE: Reduce demand for transport,Missing,"Fractional reduction in aggregate transportation demand by TRDE demand type (e.g., public_private, regional, or freight)",0.0,0.09782608695652174,0.1956521739130435,2036
Energy,TRDE,TFR:TRDE:DEC_DEMAND,TRDE: Reduce demand for transport,Missing,"Fractional reduction in aggregate transportation demand by TRDE demand type (e.g., public_private, regional, or freight)",0.0,0.10869565217391304,0.21739130434782608,2037
Energy,TRDE,TFR:TRDE:DEC_DEMAND,TRDE: Reduce demand for transport,Missing,"Fractional reduction in aggregate transportation demand by TRDE demand type (e.g., public_private, regional, or freight)",0.0,0.11956521739130435,0.2391304347826087,2038
Energy,TRDE,TFR:TRDE:DEC_DEMAND,TRDE: Reduce demand for transport,Missing,"Fractional reduction in aggregate transportation demand by TRDE demand type (e.g., public_private, regional, or freight)",0.0,0.13043478260869565,0.2608695652173913,2039
Energy,TRDE,TFR:TRDE:DEC_DEMAND,TRDE: Reduce demand for transport,Missing,"Fractional reduction in aggregate transportation demand by TRDE demand type (e.g., public_private, regional, or freight)",0.0,0.14130434782608695,0.2826086956521739,2040
Energy,TRDE,TFR:TRDE:DEC_DEMAND,TRDE: Reduce demand for transport,Missing,"Fractional reduction in aggregate transportation demand by TRDE demand type (e.g., public_private, regional, or freight)",0.0,0.15217391304347827,0.30434782608695654,2041
Energy,TRDE,TFR:TRDE:DEC_DEMAND,TRDE: Reduce demand for transport,Missing,"Fractional reduction in aggregate transportation demand by TRDE demand type (e.g., public_private, regional, or freight)",0.0,0.16304347826086957,0.32608695652173914,2042
Energy,TRDE,TFR:TRDE:DEC_DEMAND,TRDE: Reduce demand for transport,Missing,"Fractional reduction in aggregate transportation demand by TRDE demand type (e.g., public_private, regional, or freight)",0.0,0.17391304347826086,0.34782608695652173,2043
Energy,TRDE,TFR:TRDE:DEC_DEMAND,TRDE: Reduce demand for transport,Missing,"Fractional reduction in aggregate transportation demand by TRDE demand type (e.g., public_private, regional, or freight)",0.0,0.18478260869565216,0.3695652173913043,2044
Energy,TRDE,TFR:TRDE:DEC_DEMAND,TRDE: Reduce demand for transport,Missing,"Fractional reduction in aggregate transportation demand by TRDE demand type (e.g., public_private, regional, or freight)",0.0,0.1956521739130435,0.391304347826087,2045
Energy,TRDE,TFR:TRDE:DEC_DEMAND,TRDE: Reduce demand for transport,Missing,"Fractional reduction in aggregate transportation demand by TRDE demand type (e.g., public_private, regional, or freight)",0.0,0.20652173913043478,0.41304347826086957,2046
Energy,TRDE,TFR:TRDE:DEC_DEMAND,TRDE: Reduce demand for transport,Missing,"Fractional reduction in aggregate transportation demand by TRDE demand type (e.g., public_private, regional, or freight)",0.0,0.21739130434782608,0.43478260869565216,2047
Energy,TRDE,TFR:TRDE:DEC_DEMAND,TRDE: Reduce demand for transport,Missing,"Fractional reduction in aggregate transportation demand by TRDE demand type (e.g., public_private, regional, or freight)",0.0,0.22826086956521738,0.45652173913043476,2048
Energy,TRDE,TFR:TRDE:DEC_DEMAND,TRDE: Reduce demand for transport,Missing,"Fractional reduction in aggregate transportation demand by TRDE demand type (e.g., public_private, regional, or freight)",0.0,0.2391304347826087,0.4782608695652174,2049
Energy,TRDE,TFR:TRDE:DEC_DEMAND,TRDE: Reduce demand for transport,Missing,"Fractional reduction in aggregate transportation demand by TRDE demand type (e.g., public_private, regional, or freight)",0.0,0.25,0.5,2050
Energy,TRNS,TFR:TRNS:INC_EFFICIENCY_ELECTRIC,TRNS: Increase electric transportation energy efficiency,Missing,Fractional increase in electric vehicle efficiency against the final time period.,0.0,0.0,0.0,2015
Energy,TRNS,TFR:TRNS:INC_EFFICIENCY_ELECTRIC,TRNS: Increase electric transportation energy efficiency,Missing,Fractional increase in electric vehicle efficiency against the final time period.,0.0,0.0,0.0,2016
Energy,TRNS,TFR:TRNS:INC_EFFICIENCY_ELECTRIC,TRNS: Increase electric transportation energy efficiency,Missing,Fractional increase in electric vehicle efficiency against the final time period.,0.0,0.0,0.0,2017
Energy,TRNS,TFR:TRNS:INC_EFFICIENCY_ELECTRIC,TRNS: Increase electric transportation energy efficiency,Missing,Fractional increase in electric vehicle efficiency against the final time period.,0.0,0.0,0.0,2018
Energy,TRNS,TFR:TRNS:INC_EFFICIENCY_ELECTRIC,TRNS: Increase electric transportation energy efficiency,Missing,Fractional increase in electric vehicle efficiency against the final time period.,0.0,0.0,0.0,2019
Energy,TRNS,TFR:TRNS:INC_EFFICIENCY_ELECTRIC,TRNS: Increase electric transportation energy efficiency,Missing,Fractional increase in electric vehicle efficiency against the final time period.,0.0,0.0,0.0,2020
Energy,TRNS,TFR:TRNS:INC_EFFICIENCY_ELECTRIC,TRNS: Increase electric transportation energy efficiency,Missing,Fractional increase in electric vehicle efficiency against the final time period.,0.0,0.0,0.0,2021
Energy,TRNS,TFR:TRNS:INC_EFFICIENCY_ELECTRIC,TRNS: Increase electric transportation energy efficiency,Missing,Fractional increase in electric vehicle efficiency against the final time period.,0.0,0.0,0.0,2022
Energy,TRNS,TFR:TRNS:INC_EFFICIENCY_ELECTRIC,TRNS: Increase electric transportation energy efficiency,Missing,Fractional increase in electric vehicle efficiency against the final time period.,0.0,0.0,0.0,2023
Energy,TRNS,TFR:TRNS:INC_EFFICIENCY_ELECTRIC,TRNS: Increase electric transportation energy efficiency,Missing,Fractional increase in electric vehicle efficiency against the final time period.,0.0,0.0,0.0,2024
Energy,TRNS,TFR:TRNS:INC_EFFICIENCY_ELECTRIC,TRNS: Increase electric transportation energy efficiency,Missing,Fractional increase in electric vehicle efficiency against the final time period.,0.0,0.0,0.0,2025
Energy,TRNS,TFR:TRNS:INC_EFFICIENCY_ELECTRIC,TRNS: Increase electric transportation energy efficiency,Missing,Fractional increase in electric vehicle efficiency against the final time period.,0.0,0.0,0.0,2026
Energy,TRNS,TFR:TRNS:INC_EFFICIENCY_ELECTRIC,TRNS: Increase electric transportation energy efficiency,Missing,Fractional increase in electric vehicle efficiency against the final time period.,0.0,0.0,0.0,2027
Energy,TRNS,TFR:TRNS:INC_EFFICIENCY_ELECTRIC,TRNS: Increase electric transportation energy efficiency,Missing,Fractional increase in electric vehicle efficiency against the final time period.,0.0,0.010869565217391304,0.021739130434782608,2028
Energy,TRNS,TFR:TRNS:INC_EFFICIENCY_ELECTRIC,TRNS: Increase electric transportation energy efficiency,Missing,Fractional increase in electric vehicle efficiency against the final time period.,0.0,0.021739130434782608,0.043478260869565216,2029
Energy,TRNS,TFR:TRNS:INC_EFFICIENCY_ELECTRIC,TRNS: Increase electric transportation energy efficiency,Missing,Fractional increase in electric vehicle efficiency against the final time period.,0.0,0.03260869565217391,0.06521739130434782,2030
Energy,TRNS,TFR:TRNS:INC_EFFICIENCY_ELECTRIC,TRNS: Increase electric transportation energy efficiency,Missing,Fractional increase in electric vehicle efficiency against the final time period.,0.0,0.043478260869565216,0.08695652173913043,2031
Energy,TRNS,TFR:TRNS:INC_EFFICIENCY_ELECTRIC,TRNS: Increase electric transportation energy efficiency,Missing,Fractional increase in electric vehicle efficiency against the final time period.,0.0,0.05434782608695652,0.10869565217391304,2032
Energy,TRNS,TFR:TRNS:INC_EFFICIENCY_ELECTRIC,TRNS: Increase electric transportation energy efficiency,Missing,Fractional increase in electric vehicle efficiency against the final time period.,0.0,0.06521739130434782,0.13043478260869565,2033
Energy,TRNS,TFR:TRNS:INC_EFFICIENCY_ELECTRIC,TRNS: Increase electric transportation energy efficiency,Missing,Fractional increase in electric vehicle efficiency against the final time period.,0.0,0.07608695652173914,0.15217391304347827,2034
Energy,TRNS,TFR:TRNS:INC_EFFICIENCY_ELECTRIC,TRNS: Increase electric transportation energy efficiency,Missing,Fractional increase in electric vehicle efficiency against the final time period.,0.0,0.08695652173913043,0.17391304347826086,2035
Energy,TRNS,TFR:TRNS:INC_EFFICIENCY_ELECTRIC,TRNS: Increase electric transportation energy efficiency,Missing,Fractional increase in electric vehicle efficiency against the final time period.,0.0,0.09782608695652174,0.1956521739130435,2036
Energy,TRNS,TFR:TRNS:INC_EFFICIENCY_ELECTRIC,TRNS: Increase electric transportation energy efficiency,Missing,Fractional increase in electric vehicle efficiency against the final time period.,0.0,0.10869565217391304,0.21739130434782608,2037
Energy,TRNS,TFR:TRNS:INC_EFFICIENCY_ELECTRIC,TRNS: Increase electric transportation energy efficiency,Missing,Fractional increase in electric vehicle efficiency against the final time period.,0.0,0.11956521739130435,0.2391304347826087,2038
Energy,TRNS,TFR:TRNS:INC_EFFICIENCY_ELECTRIC,TRNS: Increase electric transportation energy efficiency,Missing,Fractional increase in electric vehicle efficiency against the final time period.,0.0,0.13043478260869565,0.2608695652173913,2039
Energy,TRNS,TFR:TRNS:INC_EFFICIENCY_ELECTRIC,TRNS: Increase electric transportation energy efficiency,Missing,Fractional increase in electric vehicle efficiency against the final time period.,0.0,0.14130434782608695,0.2826086956521739,2040
Energy,TRNS,TFR:TRNS:INC_EFFICIENCY_ELECTRIC,TRNS: Increase electric transportation energy efficiency,Missing,Fractional increase in electric vehicle efficiency against the final time period.,0.0,0.15217391304347827,0.30434782608695654,2041
Energy,TRNS,TFR:TRNS:INC_EFFICIENCY_ELECTRIC,TRNS: Increase electric transportation energy efficiency,Missing,Fractional increase in electric vehicle efficiency against the final time period.,0.0,0.16304347826086957,0.32608695652173914,2042
Energy,TRNS,TFR:TRNS:INC_EFFICIENCY_ELECTRIC,TRNS: Increase electric transportation energy efficiency,Missing,Fractional increase in electric vehicle efficiency against the final time period.,0.0,0.17391304347826086,0.34782608695652173,2043
Energy,TRNS,TFR:TRNS:INC_EFFICIENCY_ELECTRIC,TRNS: Increase electric transportation energy efficiency,Missing,Fractional increase in electric vehicle efficiency against the final time period.,0.0,0.18478260869565216,0.3695652173913043,2044
Energy,TRNS,TFR:TRNS:INC_EFFICIENCY_ELECTRIC,TRNS: Increase electric transportation energy efficiency,Missing,Fractional increase in electric vehicle efficiency against the final time period.,0.0,0.1956521739130435,0.391304347826087,2045
Energy,TRNS,TFR:TRNS:INC_EFFICIENCY_ELECTRIC,TRNS: Increase electric transportation energy efficiency,Missing,Fractional increase in electric vehicle efficiency against the final time period.,0.0,0.20652173913043478,0.41304347826086957,2046
Energy,TRNS,TFR:TRNS:INC_EFFICIENCY_ELECTRIC,TRNS: Increase electric transportation energy efficiency,Missing,Fractional increase in electric vehicle efficiency against the final time period.,0.0,0.21739130434782608,0.43478260869565216,2047
Energy,TRNS,TFR:TRNS:INC_EFFICIENCY_ELECTRIC,TRNS: Increase electric transportation energy efficiency,Missing,Fractional increase in electric vehicle efficiency against the final time period.,0.0,0.22826086956521738,0.45652173913043476,2048
Energy,TRNS,TFR:TRNS:INC_EFFICIENCY_ELECTRIC,TRNS: Increase electric transportation energy efficiency,Missing,Fractional increase in electric vehicle efficiency against the final time period.,0.0,0.2391304347826087,0.4782608695652174,2049
Energy,TRNS,TFR:TRNS:INC_EFFICIENCY_ELECTRIC,TRNS: Increase electric transportation energy efficiency,Missing,Fractional increase in electric vehicle efficiency against the final time period.,0.0,0.25,0.5,2050
0.0,0.0,TFR:TRNS:INC_EFFICIENCY_NON_ELECTRIC,0.0,0.0,0.0,0.0,0.0,0.0,2015
0.0,0.0,TFR:TRNS:INC_EFFICIENCY_NON_ELECTRIC,0.0,0.0,0.0,0.0,0.0,0.0,2016
0.0,0.0,TFR:TRNS:INC_EFFICIENCY_NON_ELECTRIC,0.0,0.0,0.0,0.0,0.0,0.0,2017
0.0,0.0,TFR:TRNS:INC_EFFICIENCY_NON_ELECTRIC,0.0,0.0,0.0,0.0,0.0,0.0,2018
0.0,0.0,TFR:TRNS:INC_EFFICIENCY_NON_ELECTRIC,0.0,0.0,0.0,0.0,0.0,0.0,2019
0.0,0.0,TFR:TRNS:INC_EFFICIENCY_NON_ELECTRIC,0.0,0.0,0.0,0.0,0.0,0.0,2020
0.0,0.0,TFR:TRNS:INC_EFFICIENCY_NON_ELECTRIC,0.0,0.0,0.0,0.0,0.0,0.0,2021
0.0,0.0,TFR:TRNS:INC_EFFICIENCY_NON_ELECTRIC,0.0,0.0,0.0,0.0,0.0,0.0,2022
0.0,0.0,TFR:TRNS:INC_EFFICIENCY_NON_ELECTRIC,0.0,0.0,0.0,0.0,0.0,0.0,2023
0.0,0.0,TFR:TRNS:INC_EFFICIENCY_NON_ELECTRIC,0.0,0.0,0.0,0.0,0.0,0.0,2024
0.0,0.0,TFR:TRNS:INC_EFFICIENCY_NON_ELECTRIC,0.0,0.0,0.0,0.0,0.0,0.0,2025
0.0,0.0,TFR:TRNS:INC_EFFICIENCY_NON_ELECTRIC,0.0,0.0,0.0,0.0,0.0,0.0,2026
0.0,0.0,TFR:TRNS:INC_EFFICIENCY_NON_ELECTRIC,0.0,0.0,0.0,0.0,0.0,0.0,2027
0.0,0.0,TFR:TRNS:INC_EFFICIENCY_NON_ELECTRIC,0.0,0.0,0.0,0.0,0.0,0.021739130434782608,2028
0.0,0.0,TFR:TRNS:INC_EFFICIENCY_NON_ELECTRIC,0.0,0.0,0.0,0.0,0.0,0.043478260869565216,2029
0.0,0.0,TFR:TRNS:INC_EFFICIENCY_NON_ELECTRIC,0.0,0.0,0.0,0.0,0.0,0.06521739130434782,2030
0.0,0.0,TFR:TRNS:INC_EFFICIENCY_NON_ELECTRIC,0.0,0.0,0.0,0.0,0.0,0.08695652173913043,2031
0.0,0.0,TFR:TRNS:INC_EFFICIENCY_NON_ELECTRIC,0.0,0.0,0.0,0.0,0.0,0.10869565217391304,2032
0.0,0.0,TFR:TRNS:INC_EFFICIENCY_NON_ELECTRIC,0.0,0.0,0.0,0.0,0.0,0.13043478260869565,2033
0.0,0.0,TFR:TRNS:INC_EFFICIENCY_NON_ELECTRIC,0.0,0.0,0.0,0.0,0.0,0.15217391304347827,2034
0.0,0.0,TFR:TRNS:INC_EFFICIENCY_NON_ELECTRIC,0.0,0.0,0.0,0.0,0.0,0.17391304347826086,2035
0.0,0.0,TFR:TRNS:INC_EFFICIENCY_NON_ELECTRIC,0.0,0.0,0.0,0.0,0.0,0.1956521739130435,2036
0.0,0.0,TFR:TRNS:INC_EFFICIENCY_NON_ELECTRIC,0.0,0.0,0.0,0.0,0.0,0.21739130434782608,2037
0.0,0.0,TFR:TRNS:INC_EFFICIENCY_NON_ELECTRIC,0.0,0.0,0.0,0.0,0.0,0.2391304347826087,2038
0.0,0.0,TFR:TRNS:INC_EFFICIENCY_NON_ELECTRIC,0.0,0.0,0.0,0.0,0.0,0.2608695652173913,2039
0.0,0.0,TFR:TRNS:INC_EFFICIENCY_NON_ELECTRIC,0.0,0.0,0.0,0.0,0.0,0.2826086956521739,2040
0.0,0.0,TFR:TRNS:INC_EFFICIENCY_NON_ELECTRIC,0.0,0.0,0.0,0.0,0.0,0.30434782608695654,2041
0.0,0.0,TFR:TRNS:INC_EFFICIENCY_NON_ELECTRIC,0.0,0.0,0.0,0.0,0.0,0.32608695652173914,2042
0.0,0.0,TFR:TRNS:INC_EFFICIENCY_NON_ELECTRIC,0.0,0.0,0.0,0.0,0.0,0.34782608695652173,2043
0.0,0.0,TFR:TRNS:INC_EFFICIENCY_NON_ELECTRIC,0.0,0.0,0.0,0.0,0.0,0.3695652173913043,2044
0.0,0.0,TFR:TRNS:INC_EFFICIENCY_NON_ELECTRIC,0.0,0.0,0.0,0.0,0.0,0.391304347826087,2045
0.0,0.0,TFR:TRNS:INC_EFFICIENCY_NON_ELECTRIC,0.0,0.0,0.0,0.0,0.0,0.41304347826086957,2046
0.0,0.0,TFR:TRNS:INC_EFFICIENCY_NON_ELECTRIC,0.0,0.0,0.0,0.0,0.0,0.43478260869565216,2047
0.0,0.0,TFR:TRNS:INC_EFFICIENCY_NON_ELECTRIC,0.0,0.0,0.0,0.0,0.0,0.45652173913043476,2048
0.0,0.0,TFR:TRNS:INC_EFFICIENCY_NON_ELECTRIC,0.0,0.0,0.0,0.0,0.0,0.4782608695652174,2049
0.0,0.0,TFR:TRNS:INC_EFFICIENCY_NON_ELECTRIC,0.0,0.0,0.0,0.0,0.0,0.5,2050
0.0,0.0,TFR:TRNS:INC_OCCUPANCY_LIGHT_DUTY,0.0,0.0,0.0,0.0,0.0,0.0,2015
0.0,0.0,TFR:TRNS:INC_OCCUPANCY_LIGHT_DUTY,0.0,0.0,0.0,0.0,0.0,0.0,2016
0.0,0.0,TFR:TRNS:INC_OCCUPANCY_LIGHT_DUTY,0.0,0.0,0.0,0.0,0.0,0.0,2017
0.0,0.0,TFR:TRNS:INC_OCCUPANCY_LIGHT_DUTY,0.0,0.0,0.0,0.0,0.0,0.0,2018
0.0,0.0,TFR:TRNS:INC_OCCUPANCY_LIGHT_DUTY,0.0,0.0,0.0,0.0,0.0,0.0,2019
0.0,0.0,TFR:TRNS:INC_OCCUPANCY_LIGHT_DUTY,0.0,0.0,0.0,0.0,0.0,0.0,2020
0.0,0.0,TFR:TRNS:INC_OCCUPANCY_LIGHT_DUTY,0.0,0.0,0.0,0.0,0.0,0.0,2021
0.0,0.0,TFR:TRNS:INC_OCCUPANCY_LIGHT_DUTY,0.0,0.0,0.0,0.0,0.0,0.0,2022
0.0,0.0,TFR:TRNS:INC_OCCUPANCY_LIGHT_DUTY,0.0,0.0,0.0,0.0,0.0,0.0,2023
0.0,0.0,TFR:TRNS:INC_OCCUPANCY_LIGHT_DUTY,0.0,0.0,0.0,0.0,0.0,0.0,2024
0.0,0.0,TFR:TRNS:INC_OCCUPANCY_LIGHT_DUTY,0.0,0.0,0.0,0.0,0.0,0.0,2025
0.0,0.0,TFR:TRNS:INC_OCCUPANCY_LIGHT_DUTY,0.0,0.0,0.0,0.0,0.0,0.0,2026
0.0,0.0,TFR:TRNS:INC_OCCUPANCY_LIGHT_DUTY,0.0,0.0,0.0,0.0,0.0,0.0,2027
0.0,0.0,TFR:TRNS:INC_OCCUPANCY_LIGHT_DUTY,0.0,0.0,0.0,0.0,0.0,0.010869565217391304,2028
0.0,0.0,TFR:TRNS:INC_OCCUPANCY_LIGHT_DUTY,0.0,0.0,0.0,0.0,0.0,0.021739130434782608,2029
0.0,0.0,TFR:TRNS:INC_OCCUPANCY_LIGHT_DUTY,0.0,0.0,0.0,0.0,0.0,0.03260869565217391,2030
0.0,0.0,TFR:TRNS:INC_OCCUPANCY_LIGHT_DUTY,0.0,0.0,0.0,0.0,0.0,0.043478260869565216,2031
0.0,0.0,TFR:TRNS:INC_OCCUPANCY_LIGHT_DUTY,0.0,0.0,0.0,0.0,0.0,0.05434782608695652,2032
0.0,0.0,TFR:TRNS:INC_OCCUPANCY_LIGHT_DUTY,0.0,0.0,0.0,0.0,0.0,0.06521739130434782,2033
0.0,0.0,TFR:TRNS:INC_OCCUPANCY_LIGHT_DUTY,0.0,0.0,0.0,0.0,0.0,0.07608695652173914,2034
0.0,0.0,TFR:TRNS:INC_OCCUPANCY_LIGHT_DUTY,0.0,0.0,0.0,0.0,0.0,0.08695652173913043,2035
0.0,0.0,TFR:TRNS:INC_OCCUPANCY_LIGHT_DUTY,0.0,0.0,0.0,0.0,0.0,0.09782608695652174,2036
0.0,0.0,TFR:TRNS:INC_OCCUPANCY_LIGHT_DUTY,0.0,0.0,0.0,0.0,0.0,0.10869565217391304,2037
0.0,0.0,TFR:TRNS:INC_OCCUPANCY_LIGHT_DUTY,0.0,0.0,0.0,0.0,0.0,0.11956521739130435,2038
0.0,0.0,TFR:TRNS:INC_OCCUPANCY_LIGHT_DUTY,0.0,0.0,0.0,0.0,0.0,0.13043478260869565,2039
0.0,0.0,TFR:TRNS:INC_OCCUPANCY_LIGHT_DUTY,0.0,0.0,0.0,0.0,0.0,0.14130434782608695,2040
0.0,0.0,TFR:TRNS:INC_OCCUPANCY_LIGHT_DUTY,0.0,0.0,0.0,0.0,0.0,0.15217391304347827,2041
0.0,0.0,TFR:TRNS:INC_OCCUPANCY_LIGHT_DUTY,0.0,0.0,0.0,0.0,0.0,0.16304347826086957,2042
0.0,0.0,TFR:TRNS:INC_OCCUPANCY_LIGHT_DUTY,0.0,0.0,0.0,0.0,0.0,0.17391304347826086,2043
0.0,0.0,TFR:TRNS:INC_OCCUPANCY_LIGHT_DUTY,0.0,0.0,0.0,0.0,0.0,0.18478260869565216,2044
0.0,0.0,TFR:TRNS:INC_OCCUPANCY_LIGHT_DUTY,0.0,0.0,0.0,0.0,0.0,0.1956521739130435,2045
0.0,0.0,TFR:TRNS:INC_OCCUPANCY_LIGHT_DUTY,0.0,0.0,0.0,0.0,0.0,0.20652173913043478,2046
0.0,0.0,TFR:TRNS:INC_OCCUPANCY_LIGHT_DUTY,0.0,0.0,0.0,0.0,0.0,0.21739130434782608,2047
0.0,0.0,TFR:TRNS:INC_OCCUPANCY_LIGHT_DUTY,0.0,0.0,0.0,0.0,0.0,0.22826086956521738,2048
0.0,0.0,TFR:TRNS:INC_OCCUPANCY_LIGHT_DUTY,0.0,0.0,0.0,0.0,0.0,0.2391304347826087,2049
0.0,0.0,TFR:TRNS:INC_OCCUPANCY_LIGHT_DUTY,0.0,0.0,0.0,0.0,0.0,0.25,2050
0.0,0.0,TFR:TRNS:SHIFT_FUEL_MARITIME,0.0,0.0,0.0,0.0,0.0,0.0,2015
0.0,0.0,TFR:TRNS:SHIFT_FUEL_MARITIME,0.0,0.0,0.0,0.0,0.0,0.0,2016
0.0,0.0,TFR:TRNS:SHIFT_FUEL_MARITIME,0.0,0.0,0.0,0.0,0.0,0.0,2017
0.0,0.0,TFR:TRNS:SHIFT_FUEL_MARITIME,0.0,0.0,0.0,0.0,0.0,0.0,2018
0.0,0.0,TFR:TRNS:SHIFT_FUEL_MARITIME,0.0,0.0,0.0,0.0,0.0,0.0,2019
0.0,0.0,TFR:TRNS:SHIFT_FUEL_MARITIME,0.0,0.0,0.0,0.0,0.0,0.0,2020
0.0,0.0,TFR:TRNS:SHIFT_FUEL_MARITIME,0.0,0.0,0.0,0.0,0.0,0.0,2021
0.0,0.0,TFR:TRNS:SHIFT_FUEL_MARITIME,0.0,0.0,0.0,0.0,0.0,0.0,2022
0.0,0.0,TFR:TRNS:SHIFT_FUEL_MARITIME,0.0,0.0,0.0,0.0,0.0,0.0,2023
0.0,0.0,TFR:TRNS:SHIFT_FUEL_MARITIME,0.0,0.0,0.0,0.0,0.0,0.0,2024
0.0,0.0,TFR:TRNS:SHIFT_FUEL_MARITIME,0.0,0.0,0.0,0.0,0.0,0.0,2025
0.0,0.0,TFR:TRNS:SHIFT_FUEL_MARITIME,0.0,0.0,0.0,0.0,0.0,0.0,2026
0.0,0.0,TFR:TRNS:SHIFT_FUEL_MARITIME,0.0,0.0,0.0,0.0,0.0,0.0,2027
0.0,0.0,TFR:TRNS:SHIFT_FUEL_MARITIME,0.0,0.0,0.0,0.0,0.0,0.03043478260869565,2028
0.0,0.0,TFR:TRNS:SHIFT_FUEL_MARITIME,0.0,0.0,0.0,0.0,0.0,0.0608695652173913,2029
0.0,0.0,TFR:TRNS:SHIFT_FUEL_MARITIME,0.0,0.0,0.0,0.0,0.0,0.09130434782608694,2030
0.0,0.0,TFR:TRNS:SHIFT_FUEL_MARITIME,0.0,0.0,0.0,0.0,0.0,0.1217391304347826,2031
0.0,0.0,TFR:TRNS:SHIFT_FUEL_MARITIME,0.0,0.0,0.0,0.0,0.0,0.15217391304347824,2032
0.0,0.0,TFR:TRNS:SHIFT_FUEL_MARITIME,0.0,0.0,0.0,0.0,0.0,0.18260869565217389,2033
0.0,0.0,TFR:TRNS:SHIFT_FUEL_MARITIME,0.0,0.0,0.0,0.0,0.0,0.21304347826086956,2034
0.0,0.0,TFR:TRNS:SHIFT_FUEL_MARITIME,0.0,0.0,0.0,0.0,0.0,0.2434782608695652,2035
0.0,0.0,TFR:TRNS:SHIFT_FUEL_MARITIME,0.0,0.0,0.0,0.0,0.0,0.27391304347826084,2036
0.0,0.0,TFR:TRNS:SHIFT_FUEL_MARITIME,0.0,0.0,0.0,0.0,0.0,0.3043478260869565,2037
0.0,0.0,TFR:TRNS:SHIFT_FUEL_MARITIME,0.0,0.0,0.0,0.0,0.0,0.3347826086956522,2038
0.0,0.0,TFR:TRNS:SHIFT_FUEL_MARITIME,0.0,0.0,0.0,0.0,0.0,0.36521739130434777,2039
0.0,0.0,TFR:TRNS:SHIFT_FUEL_MARITIME,0.0,0.0,0.0,0.0,0.0,0.3956521739130434,2040
0.0,0.0,TFR:TRNS:SHIFT_FUEL_MARITIME,0.0,0.0,0.0,0.0,0.0,0.4260869565217391,2041
0.0,0.0,TFR:TRNS:SHIFT_FUEL_MARITIME,0.0,0.0,0.0,0.0,0.0,0.45652173913043476,2042
0.0,0.0,TFR:TRNS:SHIFT_FUEL_MARITIME,0.0,0.0,0.0,0.0,0.0,0.4869565217391304,2043
0.0,0.0,TFR:TRNS:SHIFT_FUEL_MARITIME,0.0,0.0,0.0,0.0,0.0,0.517391304347826,2044
0.0,0.0,TFR:TRNS:SHIFT_FUEL_MARITIME,0.0,0.0,0.0,0.0,0.0,0.5478260869565217,2045
0.0,0.0,TFR:TRNS:SHIFT_FUEL_MARITIME,0.0,0.0,0.0,0.0,0.0,0.5782608695652174,2046
0.0,0.0,TFR:TRNS:SHIFT_FUEL_MARITIME,0.0,0.0,0.0,0.0,0.0,0.608695652173913,2047
0.0,0.0,TFR:TRNS:SHIFT_FUEL_MARITIME,0.0,0.0,0.0,0.0,0.0,0.6391304347826087,2048
0.0,0.0,TFR:TRNS:SHIFT_FUEL_MARITIME,0.0,0.0,0.0,0.0,0.0,0.6695652173913044,2049
0.0,0.0,TFR:TRNS:SHIFT_FUEL_MARITIME,0.0,0.0,0.0,0.0,0.0,0.7,2050
0.0,0.0,TFR:TRNS:SHIFT_MODE_FREIGHT,0.0,0.0,0.0,0.0,0.0,0.0,2015
0.0,0.0,TFR:TRNS:SHIFT_MODE_FREIGHT,0.0,0.0,0.0,0.0,0.0,0.0,2016
0.0,0.0,TFR:TRNS:SHIFT_MODE_FREIGHT,0.0,0.0,0.0,0.0,0.0,0.0,2017
0.0,0.0,TFR:TRNS:SHIFT_MODE_FREIGHT,0.0,0.0,0.0,0.0,0.0,0.0,2018
0.0,0.0,TFR:TRNS:SHIFT_MODE_FREIGHT,0.0,0.0,0.0,0.0,0.0,0.0,2019
0.0,0.0,TFR:TRNS:SHIFT_MODE_FREIGHT,0.0,0.0,0.0,0.0,0.0,0.0,2020
0.0,0.0,TFR:TRNS:SHIFT_MODE_FREIGHT,0.0,0.0,0.0,0.0,0.0,0.0,2021
0.0,0.0,TFR:TRNS:SHIFT_MODE_FREIGHT,0.0,0.0,0.0,0.0,0.0,0.0,2022
0.0,0.0,TFR:TRNS:SHIFT_MODE_FREIGHT,0.0,0.0,0.0,0.0,0.0,0.0,2023
0.0,0.0,TFR:TRNS:SHIFT_MODE_FREIGHT,0.0,0.0,0.0,0.0,0.0,0.0,2024
0.0,0.0,TFR:TRNS:SHIFT_MODE_FREIGHT,0.0,0.0,0.0,0.0,0.0,0.0,2025
0.0,0.0,TFR:TRNS:SHIFT_MODE_FREIGHT,0.0,0.0,0.0,0.0,0.0,0.0,2026
0.0,0.0,TFR:TRNS:SHIFT_MODE_FREIGHT,0.0,0.0,0.0,0.0,0.0,0.0,2027
0.0,0.0,TFR:TRNS:SHIFT_MODE_FREIGHT,0.0,0.0,0.0,0.0,0.0,0.008695652173913044,2028
0.0,0.0,TFR:TRNS:SHIFT_MODE_FREIGHT,0.0,0.0,0.0,0.0,0.0,0.017391304347826087,2029
0.0,0.0,TFR:TRNS:SHIFT_MODE_FREIGHT,0.0,0.0,0.0,0.0,0.0,0.026086956521739132,2030
0.0,0.0,TFR:TRNS:SHIFT_MODE_FREIGHT,0.0,0.0,0.0,0.0,0.0,0.034782608695652174,2031
0.0,0.0,TFR:TRNS:SHIFT_MODE_FREIGHT,0.0,0.0,0.0,0.0,0.0,0.043478260869565216,2032
0.0,0.0,TFR:TRNS:SHIFT_MODE_FREIGHT,0.0,0.0,0.0,0.0,0.0,0.052173913043478265,2033
0.0,0.0,TFR:TRNS:SHIFT_MODE_FREIGHT,0.0,0.0,0.0,0.0,0.0,0.060869565217391314,2034
0.0,0.0,TFR:TRNS:SHIFT_MODE_FREIGHT,0.0,0.0,0.0,0.0,0.0,0.06956521739130435,2035
0.0,0.0,TFR:TRNS:SHIFT_MODE_FREIGHT,0.0,0.0,0.0,0.0,0.0,0.0782608695652174,2036
0.0,0.0,TFR:TRNS:SHIFT_MODE_FREIGHT,0.0,0.0,0.0,0.0,0.0,0.08695652173913043,2037
0.0,0.0,TFR:TRNS:SHIFT_MODE_FREIGHT,0.0,0.0,0.0,0.0,0.0,0.09565217391304348,2038
0.0,0.0,TFR:TRNS:SHIFT_MODE_FREIGHT,0.0,0.0,0.0,0.0,0.0,0.10434782608695653,2039
0.0,0.0,TFR:TRNS:SHIFT_MODE_FREIGHT,0.0,0.0,0.0,0.0,0.0,0.11304347826086956,2040
0.0,0.0,TFR:TRNS:SHIFT_MODE_FREIGHT,0.0,0.0,0.0,0.0,0.0,0.12173913043478263,2041
0.0,0.0,TFR:TRNS:SHIFT_MODE_FREIGHT,0.0,0.0,0.0,0.0,0.0,0.13043478260869565,2042
0.0,0.0,TFR:TRNS:SHIFT_MODE_FREIGHT,0.0,0.0,0.0,0.0,0.0,0.1391304347826087,2043
0.0,0.0,TFR:TRNS:SHIFT_MODE_FREIGHT,0.0,0.0,0.0,0.0,0.0,0.14782608695652175,2044
0.0,0.0,TFR:TRNS:SHIFT_MODE_FREIGHT,0.0,0.0,0.0,0.0,0.0,0.1565217391304348,2045
0.0,0.0,TFR:TRNS:SHIFT_MODE_FREIGHT,0.0,0.0,0.0,0.0,0.0,0.16521739130434784,2046
0.0,0.0,TFR:TRNS:SHIFT_MODE_FREIGHT,0.0,0.0,0.0,0.0,0.0,0.17391304347826086,2047
0.0,0.0,TFR:TRNS:SHIFT_MODE_FREIGHT,0.0,0.0,0.0,0.0,0.0,0.1826086956521739,2048
0.0,0.0,TFR:TRNS:SHIFT_MODE_FREIGHT,0.0,0.0,0.0,0.0,0.0,0.19130434782608696,2049
0.0,0.0,TFR:TRNS:SHIFT_MODE_FREIGHT,0.0,0.0,0.0,0.0,0.0,0.2,2050
0.0,0.0,TFR:TRNS:SHIFT_MODE_PASSENGER,0.0,0.0,0.0,0.0,0.0,0.0,2015
0.0,0.0,TFR:TRNS:SHIFT_MODE_PASSENGER,0.0,0.0,0.0,0.0,0.0,0.0,2016
0.0,0.0,TFR:TRNS:SHIFT_MODE_PASSENGER,0.0,0.0,0.0,0.0,0.0,0.0,2017
0.0,0.0,TFR:TRNS:SHIFT_MODE_PASSENGER,0.0,0.0,0.0,0.0,0.0,0.0,2018
0.0,0.0,TFR:TRNS:SHIFT_MODE_PASSENGER,0.0,0.0,0.0,0.0,0.0,0.0,2019
0.0,0.0,TFR:TRNS:SHIFT_MODE_PASSENGER,0.0,0.0,0.0,0.0,0.0,0.0,2020
0.0,0.0,TFR:TRNS:SHIFT_MODE_PASSENGER,0.0,0.0,0.0,0.0,0.0,0.0,2021
0.0,0.0,TFR:TRNS:SHIFT_MODE_PASSENGER,0.0,0.0,0.0,0.0,0.0,0.0,2022
0.0,0.0,TFR:TRNS:SHIFT_MODE_PASSENGER,0.0,0.0,0.0,0.0,0.0,0.0,2023
0.0,0.0,TFR:TRNS:SHIFT_MODE_PASSENGER,0.0,0.0,0.0,0.0,0.0,0.0,2024
0.0,0.0,TFR:TRNS:SHIFT_MODE_PASSENGER,0.0,0.0,0.0,0.0,0.0,0.0,2025
0.0,0.0,TFR:TRNS:SHIFT_MODE_PASSENGER,0.0,0.0,0.0,0.0,0.0,0.0,2026
0.0,0.0,TFR:TRNS:SHIFT_MODE_PASSENGER,0.0,0.0,0.0,0.0,0.0,0.0,2027
0.0,0.0,TFR:TRNS:SHIFT_MODE_PASSENGER,0.0,0.0,0.0,0.0,0.0,0.013043478260869565,2028
0.0,0.0,TFR:TRNS:SHIFT_MODE_PASSENGER,0.0,0.0,0.0,0.0,0.0,0.02608695652173913,2029
0.0,0.0,TFR:TRNS:SHIFT_MODE_PASSENGER,0.0,0.0,0.0,0.0,0.0,0.03913043478260869,2030
0.0,0.0,TFR:TRNS:SHIFT_MODE_PASSENGER,0.0,0.0,0.0,0.0,0.0,0.05217391304347826,2031
0.0,0.0,TFR:TRNS:SHIFT_MODE_PASSENGER,0.0,0.0,0.0,0.0,0.0,0.06521739130434782,2032
0.0,0.0,TFR:TRNS:SHIFT_MODE_PASSENGER,0.0,0.0,0.0,0.0,0.0,0.07826086956521738,2033
0.0,0.0,TFR:TRNS:SHIFT_MODE_PASSENGER,0.0,0.0,0.0,0.0,0.0,0.09130434782608696,2034
0.0,0.0,TFR:TRNS:SHIFT_MODE_PASSENGER,0.0,0.0,0.0,0.0,0.0,0.10434782608695652,2035
0.0,0.0,TFR:TRNS:SHIFT_MODE_PASSENGER,0.0,0.0,0.0,0.0,0.0,0.11739130434782609,2036
0.0,0.0,TFR:TRNS:SHIFT_MODE_PASSENGER,0.0,0.0,0.0,0.0,0.0,0.13043478260869565,2037
0.0,0.0,TFR:TRNS:SHIFT_MODE_PASSENGER,0.0,0.0,0.0,0.0,0.0,0.14347826086956522,2038
0.0,0.0,TFR:TRNS:SHIFT_MODE_PASSENGER,0.0,0.0,0.0,0.0,0.0,0.15652173913043477,2039
0.0,0.0,TFR:TRNS:SHIFT_MODE_PASSENGER,0.0,0.0,0.0,0.0,0.0,0.16956521739130434,2040
0.0,0.0,TFR:TRNS:SHIFT_MODE_PASSENGER,0.0,0.0,0.0,0.0,0.0,0.1826086956521739,2041
0.0,0.0,TFR:TRNS:SHIFT_MODE_PASSENGER,0.0,0.0,0.0,0.0,0.0,0.1956521739130435,2042
0.0,0.0,TFR:TRNS:SHIFT_MODE_PASSENGER,0.0,0.0,0.0,0.0,0.0,0.20869565217391303,2043
0.0,0.0,TFR:TRNS:SHIFT_MODE_PASSENGER,0.0,0.0,0.0,0.0,0.0,0.22173913043478258,2044
0.0,0.0,TFR:TRNS:SHIFT_MODE_PASSENGER,0.0,0.0,0.0,0.0,0.0,0.23478260869565218,2045
0.0,0.0,TFR:TRNS:SHIFT_MODE_PASSENGER,0.0,0.0,0.0,0.0,0.0,0.24782608695652172,2046
0.0,0.0,TFR:TRNS:SHIFT_MODE_PASSENGER,0.0,0.0,0.0,0.0,0.0,0.2608695652173913,2047
0.0,0.0,TFR:TRNS:SHIFT_MODE_PASSENGER,0.0,0.0,0.0,0.0,0.0,0.27391304347826084,2048
0.0,0.0,TFR:TRNS:SHIFT_MODE_PASSENGER,0.0,0.0,0.0,0.0,0.0,0.28695652173913044,2049
0.0,0.0,TFR:TRNS:SHIFT_MODE_PASSENGER,0.0,0.0,0.0,0.0,0.0,0.3,2050
